
         /\      Grafana   /‾‾/  
    /\  /  \     |\  __   /  /   
   /  \/    \    | |/ /  /   ‾‾\ 
  /          \   |   (  |  (‾)  |
 / __________ \  |_|\_\  \_____/ 


     execution: local
        script: k6/loadtest/stress.js
        output: -

     scenarios: (100.00%) 1 scenario, 150 max VUs, 14m30s max duration (incl. graceful stop):
              * default: Up to 150 looping VUs for 14m0s over 4 stages (gracefulRampDown: 30s, gracefulStop: 30s)


running (00m01.0s), 001/150 VUs, 74 complete and 0 interrupted iterations
default   [   0% ] 001/150 VUs  00m01.0s/14m00.0s

running (00m02.0s), 001/150 VUs, 178 complete and 0 interrupted iterations
default   [   0% ] 001/150 VUs  00m02.0s/14m00.0s

running (00m03.0s), 002/150 VUs, 349 complete and 0 interrupted iterations
default   [   0% ] 002/150 VUs  00m03.0s/14m00.0s

running (00m04.0s), 002/150 VUs, 568 complete and 0 interrupted iterations
default   [   0% ] 002/150 VUs  00m04.0s/14m00.0s

running (00m05.0s), 003/150 VUs, 786 complete and 0 interrupted iterations
default   [   1% ] 003/150 VUs  00m05.0s/14m00.0s

running (00m06.0s), 003/150 VUs, 1149 complete and 0 interrupted iterations
default   [   1% ] 003/150 VUs  00m06.0s/14m00.0s

running (00m07.0s), 003/150 VUs, 1506 complete and 0 interrupted iterations
default   [   1% ] 003/150 VUs  00m07.0s/14m00.0s

running (00m08.0s), 004/150 VUs, 1865 complete and 0 interrupted iterations
default   [   1% ] 004/150 VUs  00m08.0s/14m00.0s

running (00m09.0s), 004/150 VUs, 2310 complete and 0 interrupted iterations
default   [   1% ] 004/150 VUs  00m09.0s/14m00.0s

running (00m10.0s), 005/150 VUs, 2757 complete and 0 interrupted iterations
default   [   1% ] 005/150 VUs  00m10.0s/14m00.0s

running (00m11.0s), 005/150 VUs, 3302 complete and 0 interrupted iterations
default   [   1% ] 005/150 VUs  00m11.0s/14m00.0s

running (00m12.0s), 005/150 VUs, 3806 complete and 0 interrupted iterations
default   [   1% ] 005/150 VUs  00m12.0s/14m00.0s

running (00m13.0s), 006/150 VUs, 4279 complete and 0 interrupted iterations
default   [   2% ] 006/150 VUs  00m13.0s/14m00.0s

running (00m14.0s), 006/150 VUs, 4594 complete and 0 interrupted iterations
default   [   2% ] 006/150 VUs  00m14.0s/14m00.0s

running (00m15.0s), 007/150 VUs, 4971 complete and 0 interrupted iterations
default   [   2% ] 007/150 VUs  00m15.0s/14m00.0s

running (00m16.0s), 007/150 VUs, 5254 complete and 0 interrupted iterations
default   [   2% ] 007/150 VUs  00m16.0s/14m00.0s

running (00m17.0s), 007/150 VUs, 5718 complete and 0 interrupted iterations
default   [   2% ] 007/150 VUs  00m17.0s/14m00.0s

running (00m18.0s), 008/150 VUs, 6083 complete and 0 interrupted iterations
default   [   2% ] 008/150 VUs  00m18.0s/14m00.0s

running (00m19.0s), 008/150 VUs, 6465 complete and 0 interrupted iterations
default   [   2% ] 008/150 VUs  00m19.0s/14m00.0s

running (00m20.0s), 009/150 VUs, 7034 complete and 0 interrupted iterations
default   [   2% ] 009/150 VUs  00m20.0s/14m00.0s

running (00m21.0s), 009/150 VUs, 7810 complete and 0 interrupted iterations
default   [   2% ] 009/150 VUs  00m21.0s/14m00.0s

running (00m22.0s), 009/150 VUs, 8600 complete and 0 interrupted iterations
default   [   3% ] 009/150 VUs  00m22.0s/14m00.0s

running (00m23.0s), 010/150 VUs, 9614 complete and 0 interrupted iterations
default   [   3% ] 010/150 VUs  00m23.0s/14m00.0s

running (00m24.0s), 010/150 VUs, 10356 complete and 0 interrupted iterations
default   [   3% ] 010/150 VUs  00m24.0s/14m00.0s

running (00m25.0s), 011/150 VUs, 10964 complete and 0 interrupted iterations
default   [   3% ] 011/150 VUs  00m25.0s/14m00.0s

running (00m26.0s), 011/150 VUs, 11839 complete and 0 interrupted iterations
default   [   3% ] 011/150 VUs  00m26.0s/14m00.0s

running (00m27.0s), 012/150 VUs, 12600 complete and 0 interrupted iterations
default   [   3% ] 012/150 VUs  00m27.0s/14m00.0s

running (00m28.0s), 012/150 VUs, 13446 complete and 0 interrupted iterations
default   [   3% ] 012/150 VUs  00m28.0s/14m00.0s

running (00m29.0s), 012/150 VUs, 14066 complete and 0 interrupted iterations
default   [   3% ] 012/150 VUs  00m29.0s/14m00.0s

running (00m30.0s), 013/150 VUs, 14876 complete and 0 interrupted iterations
default   [   4% ] 013/150 VUs  00m30.0s/14m00.0s

running (00m31.0s), 013/150 VUs, 15639 complete and 0 interrupted iterations
default   [   4% ] 013/150 VUs  00m31.0s/14m00.0s

running (00m32.0s), 014/150 VUs, 16260 complete and 0 interrupted iterations
default   [   4% ] 014/150 VUs  00m32.0s/14m00.0s

running (00m33.0s), 014/150 VUs, 17139 complete and 0 interrupted iterations
default   [   4% ] 014/150 VUs  00m33.0s/14m00.0s

running (00m34.0s), 014/150 VUs, 18023 complete and 0 interrupted iterations
default   [   4% ] 014/150 VUs  00m34.0s/14m00.0s

running (00m35.0s), 015/150 VUs, 18751 complete and 0 interrupted iterations
default   [   4% ] 015/150 VUs  00m35.0s/14m00.0s

running (00m36.0s), 015/150 VUs, 19618 complete and 0 interrupted iterations
default   [   4% ] 015/150 VUs  00m36.0s/14m00.0s

running (00m37.0s), 016/150 VUs, 20578 complete and 0 interrupted iterations
default   [   4% ] 016/150 VUs  00m37.0s/14m00.0s

running (00m38.0s), 016/150 VUs, 21513 complete and 0 interrupted iterations
default   [   5% ] 016/150 VUs  00m38.0s/14m00.0s

running (00m39.0s), 016/150 VUs, 22246 complete and 0 interrupted iterations
default   [   5% ] 016/150 VUs  00m39.0s/14m00.0s

running (00m40.0s), 017/150 VUs, 23090 complete and 0 interrupted iterations
default   [   5% ] 017/150 VUs  00m40.0s/14m00.0s

running (00m41.0s), 017/150 VUs, 23650 complete and 0 interrupted iterations
default   [   5% ] 017/150 VUs  00m41.0s/14m00.0s

running (00m42.0s), 018/150 VUs, 24794 complete and 0 interrupted iterations
default   [   5% ] 018/150 VUs  00m42.0s/14m00.0s

running (00m43.0s), 018/150 VUs, 25710 complete and 0 interrupted iterations
default   [   5% ] 018/150 VUs  00m43.0s/14m00.0s

running (00m44.0s), 018/150 VUs, 26784 complete and 0 interrupted iterations
default   [   5% ] 018/150 VUs  00m44.0s/14m00.0s

running (00m45.0s), 019/150 VUs, 27419 complete and 0 interrupted iterations
default   [   5% ] 019/150 VUs  00m45.0s/14m00.0s

running (00m46.0s), 019/150 VUs, 28356 complete and 0 interrupted iterations
default   [   5% ] 019/150 VUs  00m46.0s/14m00.0s

running (00m47.0s), 020/150 VUs, 29287 complete and 0 interrupted iterations
default   [   6% ] 020/150 VUs  00m47.0s/14m00.0s

running (00m48.0s), 020/150 VUs, 30501 complete and 0 interrupted iterations
default   [   6% ] 020/150 VUs  00m48.0s/14m00.0s

running (00m49.0s), 021/150 VUs, 31527 complete and 0 interrupted iterations
default   [   6% ] 021/150 VUs  00m49.0s/14m00.0s

running (00m50.0s), 021/150 VUs, 32584 complete and 0 interrupted iterations
default   [   6% ] 021/150 VUs  00m50.0s/14m00.0s

running (00m51.0s), 021/150 VUs, 33551 complete and 0 interrupted iterations
default   [   6% ] 021/150 VUs  00m51.0s/14m00.0s

running (00m52.0s), 022/150 VUs, 34657 complete and 0 interrupted iterations
default   [   6% ] 022/150 VUs  00m52.0s/14m00.0s

running (00m53.0s), 022/150 VUs, 35811 complete and 0 interrupted iterations
default   [   6% ] 022/150 VUs  00m53.0s/14m00.0s

running (00m54.0s), 023/150 VUs, 36475 complete and 0 interrupted iterations
default   [   6% ] 023/150 VUs  00m54.0s/14m00.0s

running (00m55.0s), 023/150 VUs, 37315 complete and 0 interrupted iterations
default   [   7% ] 023/150 VUs  00m55.0s/14m00.0s

running (00m56.0s), 023/150 VUs, 38409 complete and 0 interrupted iterations
default   [   7% ] 023/150 VUs  00m56.0s/14m00.0s

running (00m57.0s), 024/150 VUs, 39255 complete and 0 interrupted iterations
default   [   7% ] 024/150 VUs  00m57.0s/14m00.0s

running (00m58.0s), 024/150 VUs, 40540 complete and 0 interrupted iterations
default   [   7% ] 024/150 VUs  00m58.0s/14m00.0s

running (00m59.0s), 025/150 VUs, 41743 complete and 0 interrupted iterations
default   [   7% ] 025/150 VUs  00m59.0s/14m00.0s

running (01m00.0s), 025/150 VUs, 42538 complete and 0 interrupted iterations
default   [   7% ] 025/150 VUs  01m00.0s/14m00.0s

running (01m01.0s), 025/150 VUs, 43334 complete and 0 interrupted iterations
default   [   7% ] 025/150 VUs  01m01.0s/14m00.0s

running (01m02.0s), 026/150 VUs, 44299 complete and 0 interrupted iterations
default   [   7% ] 026/150 VUs  01m02.0s/14m00.0s

running (01m03.0s), 026/150 VUs, 45435 complete and 0 interrupted iterations
default   [   7% ] 026/150 VUs  01m03.0s/14m00.0s

running (01m04.0s), 027/150 VUs, 46749 complete and 0 interrupted iterations
default   [   8% ] 027/150 VUs  01m04.0s/14m00.0s

running (01m05.0s), 027/150 VUs, 47752 complete and 0 interrupted iterations
default   [   8% ] 027/150 VUs  01m05.0s/14m00.0s

running (01m06.0s), 027/150 VUs, 48638 complete and 0 interrupted iterations
default   [   8% ] 027/150 VUs  01m06.0s/14m00.0s

running (01m07.0s), 028/150 VUs, 49670 complete and 0 interrupted iterations
default   [   8% ] 028/150 VUs  01m07.0s/14m00.0s

running (01m08.0s), 028/150 VUs, 50760 complete and 0 interrupted iterations
default   [   8% ] 028/150 VUs  01m08.0s/14m00.0s

running (01m09.0s), 029/150 VUs, 51765 complete and 0 interrupted iterations
default   [   8% ] 029/150 VUs  01m09.0s/14m00.0s

running (01m10.0s), 029/150 VUs, 52769 complete and 0 interrupted iterations
default   [   8% ] 029/150 VUs  01m10.0s/14m00.0s

running (01m11.0s), 029/150 VUs, 53985 complete and 0 interrupted iterations
default   [   8% ] 029/150 VUs  01m11.0s/14m00.0s

running (01m12.0s), 030/150 VUs, 55096 complete and 0 interrupted iterations
default   [   9% ] 030/150 VUs  01m12.0s/14m00.0s

running (01m13.0s), 030/150 VUs, 56065 complete and 0 interrupted iterations
default   [   9% ] 030/150 VUs  01m13.0s/14m00.0s

running (01m14.0s), 031/150 VUs, 57225 complete and 0 interrupted iterations
default   [   9% ] 031/150 VUs  01m14.0s/14m00.0s

running (01m15.0s), 031/150 VUs, 58524 complete and 0 interrupted iterations
default   [   9% ] 031/150 VUs  01m15.0s/14m00.0s

running (01m16.0s), 032/150 VUs, 59622 complete and 0 interrupted iterations
default   [   9% ] 032/150 VUs  01m16.0s/14m00.0s

running (01m17.0s), 032/150 VUs, 61098 complete and 0 interrupted iterations
default   [   9% ] 032/150 VUs  01m17.0s/14m00.0s

running (01m18.0s), 032/150 VUs, 62250 complete and 0 interrupted iterations
default   [   9% ] 032/150 VUs  01m18.0s/14m00.0s

running (01m19.0s), 033/150 VUs, 63538 complete and 0 interrupted iterations
default   [   9% ] 033/150 VUs  01m19.0s/14m00.0s

running (01m20.0s), 033/150 VUs, 64934 complete and 0 interrupted iterations
default   [  10% ] 033/150 VUs  01m20.0s/14m00.0s

running (01m21.0s), 034/150 VUs, 65950 complete and 0 interrupted iterations
default   [  10% ] 034/150 VUs  01m21.0s/14m00.0s

running (01m22.0s), 034/150 VUs, 67007 complete and 0 interrupted iterations
default   [  10% ] 034/150 VUs  01m22.0s/14m00.0s

running (01m23.0s), 034/150 VUs, 68144 complete and 0 interrupted iterations
default   [  10% ] 034/150 VUs  01m23.0s/14m00.0s

running (01m24.0s), 035/150 VUs, 69303 complete and 0 interrupted iterations
default   [  10% ] 035/150 VUs  01m24.0s/14m00.0s

running (01m25.0s), 035/150 VUs, 70530 complete and 0 interrupted iterations
default   [  10% ] 035/150 VUs  01m25.0s/14m00.0s

running (01m26.0s), 036/150 VUs, 71779 complete and 0 interrupted iterations
default   [  10% ] 036/150 VUs  01m26.0s/14m00.0s

running (01m27.0s), 036/150 VUs, 73288 complete and 0 interrupted iterations
default   [  10% ] 036/150 VUs  01m27.0s/14m00.0s

running (01m28.0s), 036/150 VUs, 74339 complete and 0 interrupted iterations
default   [  10% ] 036/150 VUs  01m28.0s/14m00.0s

running (01m29.0s), 037/150 VUs, 75774 complete and 0 interrupted iterations
default   [  11% ] 037/150 VUs  01m29.0s/14m00.0s

running (01m30.0s), 037/150 VUs, 77142 complete and 0 interrupted iterations
default   [  11% ] 037/150 VUs  01m30.0s/14m00.0s

running (01m31.0s), 038/150 VUs, 78189 complete and 0 interrupted iterations
default   [  11% ] 038/150 VUs  01m31.0s/14m00.0s

running (01m32.0s), 038/150 VUs, 79478 complete and 0 interrupted iterations
default   [  11% ] 038/150 VUs  01m32.0s/14m00.0s

running (01m33.0s), 038/150 VUs, 81226 complete and 0 interrupted iterations
default   [  11% ] 038/150 VUs  01m33.0s/14m00.0s

running (01m34.0s), 039/150 VUs, 82511 complete and 0 interrupted iterations
default   [  11% ] 039/150 VUs  01m34.0s/14m00.0s

running (01m35.0s), 039/150 VUs, 83948 complete and 0 interrupted iterations
default   [  11% ] 039/150 VUs  01m35.0s/14m00.0s

running (01m36.0s), 040/150 VUs, 85321 complete and 0 interrupted iterations
default   [  11% ] 040/150 VUs  01m36.0s/14m00.0s

running (01m37.0s), 040/150 VUs, 86603 complete and 0 interrupted iterations
default   [  12% ] 040/150 VUs  01m37.0s/14m00.0s

running (01m38.0s), 041/150 VUs, 87942 complete and 0 interrupted iterations
default   [  12% ] 041/150 VUs  01m38.0s/14m00.0s

running (01m39.0s), 041/150 VUs, 89330 complete and 0 interrupted iterations
default   [  12% ] 041/150 VUs  01m39.0s/14m00.0s

running (01m40.0s), 041/150 VUs, 90588 complete and 0 interrupted iterations
default   [  12% ] 041/150 VUs  01m40.0s/14m00.0s

running (01m41.0s), 042/150 VUs, 91960 complete and 0 interrupted iterations
default   [  12% ] 042/150 VUs  01m41.0s/14m00.0s

running (01m42.0s), 042/150 VUs, 93341 complete and 0 interrupted iterations
default   [  12% ] 042/150 VUs  01m42.0s/14m00.0s

running (01m43.0s), 043/150 VUs, 94317 complete and 0 interrupted iterations
default   [  12% ] 043/150 VUs  01m43.0s/14m00.0s

running (01m44.0s), 043/150 VUs, 96079 complete and 0 interrupted iterations
default   [  12% ] 043/150 VUs  01m44.0s/14m00.0s

running (01m45.0s), 043/150 VUs, 97478 complete and 0 interrupted iterations
default   [  12% ] 043/150 VUs  01m45.0s/14m00.0s

running (01m46.0s), 044/150 VUs, 98780 complete and 0 interrupted iterations
default   [  13% ] 044/150 VUs  01m46.0s/14m00.0s

running (01m47.0s), 044/150 VUs, 100273 complete and 0 interrupted iterations
default   [  13% ] 044/150 VUs  01m47.0s/14m00.0s

running (01m48.0s), 045/150 VUs, 101591 complete and 0 interrupted iterations
default   [  13% ] 045/150 VUs  01m48.0s/14m00.0s

running (01m49.0s), 045/150 VUs, 103021 complete and 0 interrupted iterations
default   [  13% ] 045/150 VUs  01m49.0s/14m00.0s

running (01m50.0s), 045/150 VUs, 104176 complete and 0 interrupted iterations
default   [  13% ] 045/150 VUs  01m50.0s/14m00.0s

running (01m51.0s), 046/150 VUs, 105584 complete and 0 interrupted iterations
default   [  13% ] 046/150 VUs  01m51.0s/14m00.0s

running (01m52.0s), 046/150 VUs, 107001 complete and 0 interrupted iterations
default   [  13% ] 046/150 VUs  01m52.0s/14m00.0s

running (01m53.0s), 047/150 VUs, 108797 complete and 0 interrupted iterations
default   [  13% ] 047/150 VUs  01m53.0s/14m00.0s

running (01m54.0s), 047/150 VUs, 110422 complete and 0 interrupted iterations
default   [  14% ] 047/150 VUs  01m54.0s/14m00.0s

running (01m55.0s), 047/150 VUs, 111909 complete and 0 interrupted iterations
default   [  14% ] 047/150 VUs  01m55.0s/14m00.0s

running (01m56.0s), 048/150 VUs, 112861 complete and 0 interrupted iterations
default   [  14% ] 048/150 VUs  01m56.0s/14m00.0s

running (01m57.0s), 048/150 VUs, 114307 complete and 0 interrupted iterations
default   [  14% ] 048/150 VUs  01m57.0s/14m00.0s

running (01m58.0s), 049/150 VUs, 115871 complete and 0 interrupted iterations
default   [  14% ] 049/150 VUs  01m58.0s/14m00.0s

running (01m59.0s), 049/150 VUs, 117188 complete and 0 interrupted iterations
default   [  14% ] 049/150 VUs  01m59.0s/14m00.0s

running (02m00.0s), 049/150 VUs, 118957 complete and 0 interrupted iterations
default   [  14% ] 049/150 VUs  02m00.0s/14m00.0s

running (02m01.0s), 050/150 VUs, 120562 complete and 0 interrupted iterations
default   [  14% ] 050/150 VUs  02m01.0s/14m00.0s

running (02m02.0s), 050/150 VUs, 122239 complete and 0 interrupted iterations
default   [  15% ] 050/150 VUs  02m02.0s/14m00.0s

running (02m03.0s), 050/150 VUs, 124023 complete and 0 interrupted iterations
default   [  15% ] 050/150 VUs  02m03.0s/14m00.0s

running (02m04.0s), 050/150 VUs, 125255 complete and 0 interrupted iterations
default   [  15% ] 050/150 VUs  02m04.0s/14m00.0s

running (02m05.0s), 050/150 VUs, 126411 complete and 0 interrupted iterations
default   [  15% ] 050/150 VUs  02m05.0s/14m00.0s

running (02m06.0s), 050/150 VUs, 128055 complete and 0 interrupted iterations
default   [  15% ] 050/150 VUs  02m06.0s/14m00.0s

running (02m07.0s), 051/150 VUs, 129577 complete and 0 interrupted iterations
default   [  15% ] 051/150 VUs  02m07.0s/14m00.0s

running (02m08.0s), 051/150 VUs, 130655 complete and 0 interrupted iterations
default   [  15% ] 051/150 VUs  02m08.0s/14m00.0s

running (02m09.0s), 051/150 VUs, 131866 complete and 0 interrupted iterations
default   [  15% ] 051/150 VUs  02m09.0s/14m00.0s

running (02m10.0s), 051/150 VUs, 133236 complete and 0 interrupted iterations
default   [  15% ] 051/150 VUs  02m10.0s/14m00.0s

running (02m11.0s), 051/150 VUs, 134768 complete and 0 interrupted iterations
default   [  16% ] 051/150 VUs  02m11.0s/14m00.0s

running (02m12.0s), 051/150 VUs, 136605 complete and 0 interrupted iterations
default   [  16% ] 051/150 VUs  02m12.0s/14m00.0s

running (02m13.0s), 052/150 VUs, 138244 complete and 0 interrupted iterations
default   [  16% ] 052/150 VUs  02m13.0s/14m00.0s

running (02m14.0s), 052/150 VUs, 139626 complete and 0 interrupted iterations
default   [  16% ] 052/150 VUs  02m14.0s/14m00.0s

running (02m15.0s), 052/150 VUs, 140744 complete and 0 interrupted iterations
default   [  16% ] 052/150 VUs  02m15.0s/14m00.0s

running (02m16.0s), 052/150 VUs, 142231 complete and 0 interrupted iterations
default   [  16% ] 052/150 VUs  02m16.0s/14m00.0s

running (02m17.0s), 052/150 VUs, 144050 complete and 0 interrupted iterations
default   [  16% ] 052/150 VUs  02m17.0s/14m00.0s

running (02m18.0s), 052/150 VUs, 145420 complete and 0 interrupted iterations
default   [  16% ] 052/150 VUs  02m18.0s/14m00.0s

running (02m19.0s), 053/150 VUs, 147058 complete and 0 interrupted iterations
default   [  17% ] 053/150 VUs  02m19.0s/14m00.0s

running (02m20.0s), 053/150 VUs, 148842 complete and 0 interrupted iterations
default   [  17% ] 053/150 VUs  02m20.0s/14m00.0s

running (02m21.0s), 053/150 VUs, 150497 complete and 0 interrupted iterations
default   [  17% ] 053/150 VUs  02m21.0s/14m00.0s

running (02m22.0s), 053/150 VUs, 152243 complete and 0 interrupted iterations
default   [  17% ] 053/150 VUs  02m22.0s/14m00.0s

running (02m23.0s), 053/150 VUs, 153857 complete and 0 interrupted iterations
default   [  17% ] 053/150 VUs  02m23.0s/14m00.0s

running (02m24.0s), 053/150 VUs, 155472 complete and 0 interrupted iterations
default   [  17% ] 053/150 VUs  02m24.0s/14m00.0s

running (02m25.0s), 054/150 VUs, 157023 complete and 0 interrupted iterations
default   [  17% ] 054/150 VUs  02m25.0s/14m00.0s

running (02m26.0s), 054/150 VUs, 158772 complete and 0 interrupted iterations
default   [  17% ] 054/150 VUs  02m26.0s/14m00.0s

running (02m27.0s), 054/150 VUs, 160370 complete and 0 interrupted iterations
default   [  17% ] 054/150 VUs  02m27.0s/14m00.0s

running (02m28.0s), 054/150 VUs, 162270 complete and 0 interrupted iterations
default   [  18% ] 054/150 VUs  02m28.0s/14m00.0s

running (02m29.0s), 054/150 VUs, 163336 complete and 0 interrupted iterations
default   [  18% ] 054/150 VUs  02m29.0s/14m00.0s

running (02m30.0s), 054/150 VUs, 165060 complete and 0 interrupted iterations
default   [  18% ] 054/150 VUs  02m30.0s/14m00.0s

running (02m31.0s), 055/150 VUs, 166528 complete and 0 interrupted iterations
default   [  18% ] 055/150 VUs  02m31.0s/14m00.0s

running (02m32.0s), 055/150 VUs, 168208 complete and 0 interrupted iterations
default   [  18% ] 055/150 VUs  02m32.0s/14m00.0s

running (02m33.0s), 055/150 VUs, 169537 complete and 0 interrupted iterations
default   [  18% ] 055/150 VUs  02m33.0s/14m00.0s

running (02m34.0s), 055/150 VUs, 170471 complete and 0 interrupted iterations
default   [  18% ] 055/150 VUs  02m34.0s/14m00.0s

running (02m35.0s), 055/150 VUs, 172175 complete and 0 interrupted iterations
default   [  18% ] 055/150 VUs  02m35.0s/14m00.0s

running (02m36.0s), 055/150 VUs, 173817 complete and 0 interrupted iterations
default   [  19% ] 055/150 VUs  02m36.0s/14m00.0s

running (02m37.0s), 056/150 VUs, 175374 complete and 0 interrupted iterations
default   [  19% ] 056/150 VUs  02m37.0s/14m00.0s

running (02m38.0s), 056/150 VUs, 177341 complete and 0 interrupted iterations
default   [  19% ] 056/150 VUs  02m38.0s/14m00.0s

running (02m39.0s), 056/150 VUs, 178806 complete and 0 interrupted iterations
default   [  19% ] 056/150 VUs  02m39.0s/14m00.0s

running (02m40.0s), 056/150 VUs, 180592 complete and 0 interrupted iterations
default   [  19% ] 056/150 VUs  02m40.0s/14m00.0s

running (02m41.0s), 056/150 VUs, 181867 complete and 0 interrupted iterations
default   [  19% ] 056/150 VUs  02m41.0s/14m00.0s

running (02m42.0s), 056/150 VUs, 183584 complete and 0 interrupted iterations
default   [  19% ] 056/150 VUs  02m42.0s/14m00.0s

running (02m43.0s), 057/150 VUs, 185231 complete and 0 interrupted iterations
default   [  19% ] 057/150 VUs  02m43.0s/14m00.0s

running (02m44.0s), 057/150 VUs, 186236 complete and 0 interrupted iterations
default   [  20% ] 057/150 VUs  02m44.0s/14m00.0s

running (02m45.0s), 057/150 VUs, 187945 complete and 0 interrupted iterations
default   [  20% ] 057/150 VUs  02m45.0s/14m00.0s

running (02m46.0s), 057/150 VUs, 189426 complete and 0 interrupted iterations
default   [  20% ] 057/150 VUs  02m46.0s/14m00.0s

running (02m47.0s), 057/150 VUs, 191028 complete and 0 interrupted iterations
default   [  20% ] 057/150 VUs  02m47.0s/14m00.0s

running (02m48.0s), 057/150 VUs, 193045 complete and 0 interrupted iterations
default   [  20% ] 057/150 VUs  02m48.0s/14m00.0s

running (02m49.0s), 058/150 VUs, 194594 complete and 0 interrupted iterations
default   [  20% ] 058/150 VUs  02m49.0s/14m00.0s

running (02m50.0s), 058/150 VUs, 195879 complete and 0 interrupted iterations
default   [  20% ] 058/150 VUs  02m50.0s/14m00.0s

running (02m51.0s), 058/150 VUs, 197835 complete and 0 interrupted iterations
default   [  20% ] 058/150 VUs  02m51.0s/14m00.0s

running (02m52.0s), 058/150 VUs, 199430 complete and 0 interrupted iterations
default   [  20% ] 058/150 VUs  02m52.0s/14m00.0s

running (02m53.0s), 058/150 VUs, 200731 complete and 0 interrupted iterations
default   [  21% ] 058/150 VUs  02m53.0s/14m00.0s

running (02m54.0s), 058/150 VUs, 202506 complete and 0 interrupted iterations
default   [  21% ] 058/150 VUs  02m54.0s/14m00.0s

running (02m55.0s), 059/150 VUs, 203920 complete and 0 interrupted iterations
default   [  21% ] 059/150 VUs  02m55.0s/14m00.0s

running (02m56.0s), 059/150 VUs, 205480 complete and 0 interrupted iterations
default   [  21% ] 059/150 VUs  02m56.0s/14m00.0s

running (02m57.0s), 059/150 VUs, 207205 complete and 0 interrupted iterations
default   [  21% ] 059/150 VUs  02m57.0s/14m00.0s

running (02m58.0s), 059/150 VUs, 208848 complete and 0 interrupted iterations
default   [  21% ] 059/150 VUs  02m58.0s/14m00.0s

running (02m59.0s), 059/150 VUs, 210290 complete and 0 interrupted iterations
default   [  21% ] 059/150 VUs  02m59.0s/14m00.0s

running (03m00.0s), 059/150 VUs, 211990 complete and 0 interrupted iterations
default   [  21% ] 059/150 VUs  03m00.0s/14m00.0s

running (03m01.0s), 060/150 VUs, 213207 complete and 0 interrupted iterations
default   [  22% ] 060/150 VUs  03m01.0s/14m00.0s

running (03m02.0s), 060/150 VUs, 215039 complete and 0 interrupted iterations
default   [  22% ] 060/150 VUs  03m02.0s/14m00.0s

running (03m03.0s), 060/150 VUs, 216346 complete and 0 interrupted iterations
default   [  22% ] 060/150 VUs  03m03.0s/14m00.0s

running (03m04.0s), 060/150 VUs, 217463 complete and 0 interrupted iterations
default   [  22% ] 060/150 VUs  03m04.0s/14m00.0s

running (03m05.0s), 060/150 VUs, 219222 complete and 0 interrupted iterations
default   [  22% ] 060/150 VUs  03m05.0s/14m00.0s

running (03m06.0s), 060/150 VUs, 220888 complete and 0 interrupted iterations
default   [  22% ] 060/150 VUs  03m06.0s/14m00.0s

running (03m07.0s), 061/150 VUs, 222317 complete and 0 interrupted iterations
default   [  22% ] 061/150 VUs  03m07.0s/14m00.0s

running (03m08.0s), 061/150 VUs, 224055 complete and 0 interrupted iterations
default   [  22% ] 061/150 VUs  03m08.0s/14m00.0s

running (03m09.0s), 061/150 VUs, 225590 complete and 0 interrupted iterations
default   [  22% ] 061/150 VUs  03m09.0s/14m00.0s

running (03m10.0s), 061/150 VUs, 226819 complete and 0 interrupted iterations
default   [  23% ] 061/150 VUs  03m10.0s/14m00.0s

running (03m11.0s), 061/150 VUs, 228020 complete and 0 interrupted iterations
default   [  23% ] 061/150 VUs  03m11.0s/14m00.0s

running (03m12.0s), 061/150 VUs, 229813 complete and 0 interrupted iterations
default   [  23% ] 061/150 VUs  03m12.0s/14m00.0s

running (03m13.0s), 062/150 VUs, 231642 complete and 0 interrupted iterations
default   [  23% ] 062/150 VUs  03m13.0s/14m00.0s

running (03m14.0s), 062/150 VUs, 233561 complete and 0 interrupted iterations
default   [  23% ] 062/150 VUs  03m14.0s/14m00.0s

running (03m15.0s), 062/150 VUs, 235379 complete and 0 interrupted iterations
default   [  23% ] 062/150 VUs  03m15.0s/14m00.0s

running (03m16.0s), 062/150 VUs, 236837 complete and 0 interrupted iterations
default   [  23% ] 062/150 VUs  03m16.0s/14m00.0s

running (03m17.0s), 062/150 VUs, 238529 complete and 0 interrupted iterations
default   [  23% ] 062/150 VUs  03m17.0s/14m00.0s

running (03m18.0s), 062/150 VUs, 239965 complete and 0 interrupted iterations
default   [  24% ] 062/150 VUs  03m18.0s/14m00.0s

running (03m19.0s), 063/150 VUs, 241539 complete and 0 interrupted iterations
default   [  24% ] 063/150 VUs  03m19.0s/14m00.0s

running (03m20.0s), 063/150 VUs, 243620 complete and 0 interrupted iterations
default   [  24% ] 063/150 VUs  03m20.0s/14m00.0s

running (03m21.0s), 063/150 VUs, 245173 complete and 0 interrupted iterations
default   [  24% ] 063/150 VUs  03m21.0s/14m00.0s

running (03m22.0s), 063/150 VUs, 246162 complete and 0 interrupted iterations
default   [  24% ] 063/150 VUs  03m22.0s/14m00.0s

running (03m23.0s), 063/150 VUs, 248013 complete and 0 interrupted iterations
default   [  24% ] 063/150 VUs  03m23.0s/14m00.0s

running (03m24.0s), 063/150 VUs, 249678 complete and 0 interrupted iterations
default   [  24% ] 063/150 VUs  03m24.0s/14m00.0s

running (03m25.0s), 064/150 VUs, 251275 complete and 0 interrupted iterations
default   [  24% ] 064/150 VUs  03m25.0s/14m00.0s

running (03m26.0s), 064/150 VUs, 253109 complete and 0 interrupted iterations
default   [  25% ] 064/150 VUs  03m26.0s/14m00.0s

running (03m27.0s), 064/150 VUs, 254958 complete and 0 interrupted iterations
default   [  25% ] 064/150 VUs  03m27.0s/14m00.0s

running (03m28.0s), 064/150 VUs, 256731 complete and 0 interrupted iterations
default   [  25% ] 064/150 VUs  03m28.0s/14m00.0s

running (03m29.0s), 064/150 VUs, 258214 complete and 0 interrupted iterations
default   [  25% ] 064/150 VUs  03m29.0s/14m00.0s

running (03m30.0s), 064/150 VUs, 260053 complete and 0 interrupted iterations
default   [  25% ] 064/150 VUs  03m30.0s/14m00.0s

running (03m31.0s), 065/150 VUs, 260893 complete and 0 interrupted iterations
default   [  25% ] 065/150 VUs  03m31.0s/14m00.0s

running (03m32.0s), 065/150 VUs, 262860 complete and 0 interrupted iterations
default   [  25% ] 065/150 VUs  03m32.0s/14m00.0s

running (03m33.0s), 065/150 VUs, 264644 complete and 0 interrupted iterations
default   [  25% ] 065/150 VUs  03m33.0s/14m00.0s

running (03m34.0s), 065/150 VUs, 266260 complete and 0 interrupted iterations
default   [  25% ] 065/150 VUs  03m34.0s/14m00.0s

running (03m35.0s), 065/150 VUs, 267868 complete and 0 interrupted iterations
default   [  26% ] 065/150 VUs  03m35.0s/14m00.0s

running (03m36.0s), 065/150 VUs, 269286 complete and 0 interrupted iterations
default   [  26% ] 065/150 VUs  03m36.0s/14m00.0s

running (03m37.0s), 066/150 VUs, 270920 complete and 0 interrupted iterations
default   [  26% ] 066/150 VUs  03m37.0s/14m00.0s

running (03m38.0s), 066/150 VUs, 272688 complete and 0 interrupted iterations
default   [  26% ] 066/150 VUs  03m38.0s/14m00.0s

running (03m39.0s), 066/150 VUs, 274369 complete and 0 interrupted iterations
default   [  26% ] 066/150 VUs  03m39.0s/14m00.0s

running (03m40.0s), 066/150 VUs, 275935 complete and 0 interrupted iterations
default   [  26% ] 066/150 VUs  03m40.0s/14m00.0s

running (03m41.0s), 066/150 VUs, 277207 complete and 0 interrupted iterations
default   [  26% ] 066/150 VUs  03m41.0s/14m00.0s

running (03m42.0s), 066/150 VUs, 278851 complete and 0 interrupted iterations
default   [  26% ] 066/150 VUs  03m42.0s/14m00.0s

running (03m43.0s), 067/150 VUs, 280566 complete and 0 interrupted iterations
default   [  27% ] 067/150 VUs  03m43.0s/14m00.0s

running (03m44.0s), 067/150 VUs, 282235 complete and 0 interrupted iterations
default   [  27% ] 067/150 VUs  03m44.0s/14m00.0s

running (03m45.0s), 067/150 VUs, 284137 complete and 0 interrupted iterations
default   [  27% ] 067/150 VUs  03m45.0s/14m00.0s

running (03m46.0s), 067/150 VUs, 285719 complete and 0 interrupted iterations
default   [  27% ] 067/150 VUs  03m46.0s/14m00.0s

running (03m47.0s), 067/150 VUs, 287507 complete and 0 interrupted iterations
default   [  27% ] 067/150 VUs  03m47.0s/14m00.0s

running (03m48.0s), 067/150 VUs, 289206 complete and 0 interrupted iterations
default   [  27% ] 067/150 VUs  03m48.0s/14m00.0s

running (03m49.0s), 068/150 VUs, 290749 complete and 0 interrupted iterations
default   [  27% ] 068/150 VUs  03m49.0s/14m00.0s

running (03m50.0s), 068/150 VUs, 292501 complete and 0 interrupted iterations
default   [  27% ] 068/150 VUs  03m50.0s/14m00.0s

running (03m51.0s), 068/150 VUs, 294078 complete and 0 interrupted iterations
default   [  27% ] 068/150 VUs  03m51.0s/14m00.0s

running (03m52.0s), 068/150 VUs, 295089 complete and 0 interrupted iterations
default   [  28% ] 068/150 VUs  03m52.0s/14m00.0s

running (03m53.0s), 068/150 VUs, 296889 complete and 0 interrupted iterations
default   [  28% ] 068/150 VUs  03m53.0s/14m00.0s

running (03m54.0s), 068/150 VUs, 298505 complete and 0 interrupted iterations
default   [  28% ] 068/150 VUs  03m54.0s/14m00.0s

running (03m55.0s), 069/150 VUs, 299829 complete and 0 interrupted iterations
default   [  28% ] 069/150 VUs  03m55.0s/14m00.0s

running (03m56.0s), 069/150 VUs, 301480 complete and 0 interrupted iterations
default   [  28% ] 069/150 VUs  03m56.0s/14m00.0s

running (03m57.0s), 069/150 VUs, 303130 complete and 0 interrupted iterations
default   [  28% ] 069/150 VUs  03m57.0s/14m00.0s

running (03m58.0s), 069/150 VUs, 304830 complete and 0 interrupted iterations
default   [  28% ] 069/150 VUs  03m58.0s/14m00.0s

running (03m59.0s), 069/150 VUs, 305519 complete and 0 interrupted iterations
default   [  28% ] 069/150 VUs  03m59.0s/14m00.0s

running (04m00.0s), 069/150 VUs, 307500 complete and 0 interrupted iterations
default   [  29% ] 069/150 VUs  04m00.0s/14m00.0s

running (04m01.0s), 070/150 VUs, 308893 complete and 0 interrupted iterations
default   [  29% ] 070/150 VUs  04m01.0s/14m00.0s

running (04m02.0s), 070/150 VUs, 310391 complete and 0 interrupted iterations
default   [  29% ] 070/150 VUs  04m02.0s/14m00.0s

running (04m03.0s), 070/150 VUs, 312388 complete and 0 interrupted iterations
default   [  29% ] 070/150 VUs  04m03.0s/14m00.0s

running (04m04.0s), 070/150 VUs, 313907 complete and 0 interrupted iterations
default   [  29% ] 070/150 VUs  04m04.0s/14m00.0s

running (04m05.0s), 070/150 VUs, 315642 complete and 0 interrupted iterations
default   [  29% ] 070/150 VUs  04m05.0s/14m00.0s

running (04m06.0s), 070/150 VUs, 317285 complete and 0 interrupted iterations
default   [  29% ] 070/150 VUs  04m06.0s/14m00.0s

running (04m07.0s), 071/150 VUs, 318796 complete and 0 interrupted iterations
default   [  29% ] 071/150 VUs  04m07.0s/14m00.0s

running (04m08.0s), 071/150 VUs, 320343 complete and 0 interrupted iterations
default   [  30% ] 071/150 VUs  04m08.0s/14m00.0s

running (04m09.0s), 071/150 VUs, 322023 complete and 0 interrupted iterations
default   [  30% ] 071/150 VUs  04m09.0s/14m00.0s

running (04m10.0s), 071/150 VUs, 323917 complete and 0 interrupted iterations
default   [  30% ] 071/150 VUs  04m10.0s/14m00.0s

running (04m11.0s), 071/150 VUs, 325618 complete and 0 interrupted iterations
default   [  30% ] 071/150 VUs  04m11.0s/14m00.0s

running (04m12.0s), 071/150 VUs, 326796 complete and 0 interrupted iterations
default   [  30% ] 071/150 VUs  04m12.0s/14m00.0s

running (04m13.0s), 072/150 VUs, 328630 complete and 0 interrupted iterations
default   [  30% ] 072/150 VUs  04m13.0s/14m00.0s

running (04m14.0s), 072/150 VUs, 330225 complete and 0 interrupted iterations
default   [  30% ] 072/150 VUs  04m14.0s/14m00.0s

running (04m15.0s), 072/150 VUs, 332009 complete and 0 interrupted iterations
default   [  30% ] 072/150 VUs  04m15.0s/14m00.0s

running (04m16.0s), 072/150 VUs, 333525 complete and 0 interrupted iterations
default   [  30% ] 072/150 VUs  04m16.0s/14m00.0s

running (04m17.0s), 072/150 VUs, 334856 complete and 0 interrupted iterations
default   [  31% ] 072/150 VUs  04m17.0s/14m00.0s

running (04m18.0s), 072/150 VUs, 335862 complete and 0 interrupted iterations
default   [  31% ] 072/150 VUs  04m18.0s/14m00.0s

running (04m19.0s), 073/150 VUs, 337531 complete and 0 interrupted iterations
default   [  31% ] 073/150 VUs  04m19.0s/14m00.0s

running (04m20.0s), 073/150 VUs, 338968 complete and 0 interrupted iterations
default   [  31% ] 073/150 VUs  04m20.0s/14m00.0s

running (04m21.0s), 073/150 VUs, 340532 complete and 0 interrupted iterations
default   [  31% ] 073/150 VUs  04m21.0s/14m00.0s

running (04m22.0s), 073/150 VUs, 342088 complete and 0 interrupted iterations
default   [  31% ] 073/150 VUs  04m22.0s/14m00.0s

running (04m23.0s), 073/150 VUs, 343906 complete and 0 interrupted iterations
default   [  31% ] 073/150 VUs  04m23.0s/14m00.0s

running (04m24.0s), 073/150 VUs, 345768 complete and 0 interrupted iterations
default   [  31% ] 073/150 VUs  04m24.0s/14m00.0s

running (04m25.0s), 074/150 VUs, 347375 complete and 0 interrupted iterations
default   [  32% ] 074/150 VUs  04m25.0s/14m00.0s

running (04m26.0s), 074/150 VUs, 349078 complete and 0 interrupted iterations
default   [  32% ] 074/150 VUs  04m26.0s/14m00.0s

running (04m27.0s), 074/150 VUs, 350928 complete and 0 interrupted iterations
default   [  32% ] 074/150 VUs  04m27.0s/14m00.0s

running (04m28.0s), 074/150 VUs, 352689 complete and 0 interrupted iterations
default   [  32% ] 074/150 VUs  04m28.0s/14m00.0s

running (04m29.0s), 074/150 VUs, 354322 complete and 0 interrupted iterations
default   [  32% ] 074/150 VUs  04m29.0s/14m00.0s

running (04m30.0s), 074/150 VUs, 355404 complete and 0 interrupted iterations
default   [  32% ] 074/150 VUs  04m30.0s/14m00.0s

running (04m31.0s), 075/150 VUs, 356713 complete and 0 interrupted iterations
default   [  32% ] 075/150 VUs  04m31.0s/14m00.0s

running (04m32.0s), 075/150 VUs, 358565 complete and 0 interrupted iterations
default   [  32% ] 075/150 VUs  04m32.0s/14m00.0s

running (04m33.0s), 075/150 VUs, 359622 complete and 0 interrupted iterations
default   [  32% ] 075/150 VUs  04m33.0s/14m00.0s

running (04m34.0s), 075/150 VUs, 360726 complete and 0 interrupted iterations
default   [  33% ] 075/150 VUs  04m34.0s/14m00.0s

running (04m35.0s), 075/150 VUs, 362399 complete and 0 interrupted iterations
default   [  33% ] 075/150 VUs  04m35.0s/14m00.0s

running (04m36.0s), 075/150 VUs, 363938 complete and 0 interrupted iterations
default   [  33% ] 075/150 VUs  04m36.0s/14m00.0s

running (04m37.0s), 076/150 VUs, 365424 complete and 0 interrupted iterations
default   [  33% ] 076/150 VUs  04m37.0s/14m00.0s

running (04m38.0s), 076/150 VUs, 366771 complete and 0 interrupted iterations
default   [  33% ] 076/150 VUs  04m38.0s/14m00.0s

running (04m39.0s), 076/150 VUs, 368413 complete and 0 interrupted iterations
default   [  33% ] 076/150 VUs  04m39.0s/14m00.0s

running (04m40.0s), 076/150 VUs, 369983 complete and 0 interrupted iterations
default   [  33% ] 076/150 VUs  04m40.0s/14m00.0s

running (04m41.0s), 076/150 VUs, 371332 complete and 0 interrupted iterations
default   [  33% ] 076/150 VUs  04m41.0s/14m00.0s

running (04m42.0s), 076/150 VUs, 372678 complete and 0 interrupted iterations
default   [  34% ] 076/150 VUs  04m42.0s/14m00.0s

running (04m43.0s), 077/150 VUs, 374610 complete and 0 interrupted iterations
default   [  34% ] 077/150 VUs  04m43.0s/14m00.0s

running (04m44.0s), 077/150 VUs, 376241 complete and 0 interrupted iterations
default   [  34% ] 077/150 VUs  04m44.0s/14m00.0s

running (04m45.0s), 077/150 VUs, 377690 complete and 0 interrupted iterations
default   [  34% ] 077/150 VUs  04m45.0s/14m00.0s

running (04m46.0s), 077/150 VUs, 379469 complete and 0 interrupted iterations
default   [  34% ] 077/150 VUs  04m46.0s/14m00.0s

running (04m47.0s), 077/150 VUs, 381116 complete and 0 interrupted iterations
default   [  34% ] 077/150 VUs  04m47.0s/14m00.0s

running (04m48.0s), 077/150 VUs, 382710 complete and 0 interrupted iterations
default   [  34% ] 077/150 VUs  04m48.0s/14m00.0s

running (04m49.0s), 078/150 VUs, 384369 complete and 0 interrupted iterations
default   [  34% ] 078/150 VUs  04m49.0s/14m00.0s

running (04m50.0s), 078/150 VUs, 385993 complete and 0 interrupted iterations
default   [  35% ] 078/150 VUs  04m50.0s/14m00.0s

running (04m51.0s), 078/150 VUs, 387898 complete and 0 interrupted iterations
default   [  35% ] 078/150 VUs  04m51.0s/14m00.0s

running (04m52.0s), 078/150 VUs, 389598 complete and 0 interrupted iterations
default   [  35% ] 078/150 VUs  04m52.0s/14m00.0s

running (04m53.0s), 078/150 VUs, 391355 complete and 0 interrupted iterations
default   [  35% ] 078/150 VUs  04m53.0s/14m00.0s

running (04m54.0s), 078/150 VUs, 392864 complete and 0 interrupted iterations
default   [  35% ] 078/150 VUs  04m54.0s/14m00.0s

running (04m55.0s), 079/150 VUs, 394695 complete and 0 interrupted iterations
default   [  35% ] 079/150 VUs  04m55.0s/14m00.0s

running (04m56.0s), 079/150 VUs, 395258 complete and 0 interrupted iterations
default   [  35% ] 079/150 VUs  04m56.0s/14m00.0s

running (04m57.0s), 079/150 VUs, 396975 complete and 0 interrupted iterations
default   [  35% ] 079/150 VUs  04m57.0s/14m00.0s

running (04m58.0s), 079/150 VUs, 398613 complete and 0 interrupted iterations
default   [  35% ] 079/150 VUs  04m58.0s/14m00.0s

running (04m59.0s), 079/150 VUs, 400002 complete and 0 interrupted iterations
default   [  36% ] 079/150 VUs  04m59.0s/14m00.0s

running (05m00.0s), 079/150 VUs, 401363 complete and 0 interrupted iterations
default   [  36% ] 079/150 VUs  05m00.0s/14m00.0s

running (05m01.0s), 080/150 VUs, 403011 complete and 0 interrupted iterations
default   [  36% ] 080/150 VUs  05m01.0s/14m00.0s

running (05m02.0s), 080/150 VUs, 404966 complete and 0 interrupted iterations
default   [  36% ] 080/150 VUs  05m02.0s/14m00.0s

running (05m03.0s), 080/150 VUs, 406195 complete and 0 interrupted iterations
default   [  36% ] 080/150 VUs  05m03.0s/14m00.0s

running (05m04.0s), 080/150 VUs, 407801 complete and 0 interrupted iterations
default   [  36% ] 080/150 VUs  05m04.0s/14m00.0s

running (05m05.0s), 080/150 VUs, 409534 complete and 0 interrupted iterations
default   [  36% ] 080/150 VUs  05m05.0s/14m00.0s

running (05m06.0s), 080/150 VUs, 410903 complete and 0 interrupted iterations
default   [  36% ] 080/150 VUs  05m06.0s/14m00.0s

running (05m07.0s), 081/150 VUs, 412548 complete and 0 interrupted iterations
default   [  37% ] 081/150 VUs  05m07.0s/14m00.0s

running (05m08.0s), 081/150 VUs, 413949 complete and 0 interrupted iterations
default   [  37% ] 081/150 VUs  05m08.0s/14m00.0s

running (05m09.0s), 081/150 VUs, 415594 complete and 0 interrupted iterations
default   [  37% ] 081/150 VUs  05m09.0s/14m00.0s

running (05m10.0s), 081/150 VUs, 417080 complete and 0 interrupted iterations
default   [  37% ] 081/150 VUs  05m10.0s/14m00.0s

running (05m11.0s), 081/150 VUs, 418925 complete and 0 interrupted iterations
default   [  37% ] 081/150 VUs  05m11.0s/14m00.0s

running (05m12.0s), 081/150 VUs, 420400 complete and 0 interrupted iterations
default   [  37% ] 081/150 VUs  05m12.0s/14m00.0s

running (05m13.0s), 082/150 VUs, 421984 complete and 0 interrupted iterations
default   [  37% ] 082/150 VUs  05m13.0s/14m00.0s

running (05m14.0s), 082/150 VUs, 422835 complete and 0 interrupted iterations
default   [  37% ] 082/150 VUs  05m14.0s/14m00.0s

running (05m15.0s), 082/150 VUs, 424064 complete and 0 interrupted iterations
default   [  37% ] 082/150 VUs  05m15.0s/14m00.0s

running (05m16.0s), 082/150 VUs, 426111 complete and 0 interrupted iterations
default   [  38% ] 082/150 VUs  05m16.0s/14m00.0s

running (05m17.0s), 082/150 VUs, 427552 complete and 0 interrupted iterations
default   [  38% ] 082/150 VUs  05m17.0s/14m00.0s

running (05m18.0s), 082/150 VUs, 429436 complete and 0 interrupted iterations
default   [  38% ] 082/150 VUs  05m18.0s/14m00.0s

running (05m19.0s), 083/150 VUs, 430872 complete and 0 interrupted iterations
default   [  38% ] 083/150 VUs  05m19.0s/14m00.0s

running (05m20.0s), 083/150 VUs, 431195 complete and 0 interrupted iterations
default   [  38% ] 083/150 VUs  05m20.0s/14m00.0s

running (05m21.0s), 083/150 VUs, 432781 complete and 0 interrupted iterations
default   [  38% ] 083/150 VUs  05m21.0s/14m00.0s

running (05m22.0s), 083/150 VUs, 434687 complete and 0 interrupted iterations
default   [  38% ] 083/150 VUs  05m22.0s/14m00.0s

running (05m23.0s), 083/150 VUs, 436783 complete and 0 interrupted iterations
default   [  38% ] 083/150 VUs  05m23.0s/14m00.0s

running (05m24.0s), 083/150 VUs, 437950 complete and 0 interrupted iterations
default   [  39% ] 083/150 VUs  05m24.0s/14m00.0s

running (05m25.0s), 084/150 VUs, 439671 complete and 0 interrupted iterations
default   [  39% ] 084/150 VUs  05m25.0s/14m00.0s

running (05m26.0s), 084/150 VUs, 441384 complete and 0 interrupted iterations
default   [  39% ] 084/150 VUs  05m26.0s/14m00.0s

running (05m27.0s), 084/150 VUs, 442972 complete and 0 interrupted iterations
default   [  39% ] 084/150 VUs  05m27.0s/14m00.0s

running (05m28.0s), 084/150 VUs, 444627 complete and 0 interrupted iterations
default   [  39% ] 084/150 VUs  05m28.0s/14m00.0s

running (05m29.0s), 084/150 VUs, 446337 complete and 0 interrupted iterations
default   [  39% ] 084/150 VUs  05m29.0s/14m00.0s

running (05m30.0s), 084/150 VUs, 448210 complete and 0 interrupted iterations
default   [  39% ] 084/150 VUs  05m30.0s/14m00.0s

running (05m31.0s), 085/150 VUs, 449752 complete and 0 interrupted iterations
default   [  39% ] 085/150 VUs  05m31.0s/14m00.0s

running (05m32.0s), 085/150 VUs, 451589 complete and 0 interrupted iterations
default   [  40% ] 085/150 VUs  05m32.0s/14m00.0s

running (05m33.0s), 085/150 VUs, 453119 complete and 0 interrupted iterations
default   [  40% ] 085/150 VUs  05m33.0s/14m00.0s

running (05m34.0s), 085/150 VUs, 454698 complete and 0 interrupted iterations
default   [  40% ] 085/150 VUs  05m34.0s/14m00.0s

running (05m35.0s), 085/150 VUs, 456057 complete and 0 interrupted iterations
default   [  40% ] 085/150 VUs  05m35.0s/14m00.0s

running (05m36.0s), 085/150 VUs, 457712 complete and 0 interrupted iterations
default   [  40% ] 085/150 VUs  05m36.0s/14m00.0s

running (05m37.0s), 086/150 VUs, 459527 complete and 0 interrupted iterations
default   [  40% ] 086/150 VUs  05m37.0s/14m00.0s

running (05m38.0s), 086/150 VUs, 460707 complete and 0 interrupted iterations
default   [  40% ] 086/150 VUs  05m38.0s/14m00.0s

running (05m39.0s), 086/150 VUs, 461588 complete and 0 interrupted iterations
default   [  40% ] 086/150 VUs  05m39.0s/14m00.0s

running (05m40.0s), 086/150 VUs, 462792 complete and 0 interrupted iterations
default   [  40% ] 086/150 VUs  05m40.0s/14m00.0s

running (05m41.0s), 086/150 VUs, 463703 complete and 0 interrupted iterations
default   [  41% ] 086/150 VUs  05m41.0s/14m00.0s

running (05m42.0s), 086/150 VUs, 464973 complete and 0 interrupted iterations
default   [  41% ] 086/150 VUs  05m42.0s/14m00.0s

running (05m43.0s), 087/150 VUs, 466442 complete and 0 interrupted iterations
default   [  41% ] 087/150 VUs  05m43.0s/14m00.0s

running (05m44.0s), 087/150 VUs, 467410 complete and 0 interrupted iterations
default   [  41% ] 087/150 VUs  05m44.0s/14m00.0s

running (05m45.0s), 087/150 VUs, 468615 complete and 0 interrupted iterations
default   [  41% ] 087/150 VUs  05m45.0s/14m00.0s

running (05m46.0s), 087/150 VUs, 470289 complete and 0 interrupted iterations
default   [  41% ] 087/150 VUs  05m46.0s/14m00.0s

running (05m47.0s), 087/150 VUs, 472066 complete and 0 interrupted iterations
default   [  41% ] 087/150 VUs  05m47.0s/14m00.0s

running (05m48.0s), 087/150 VUs, 473808 complete and 0 interrupted iterations
default   [  41% ] 087/150 VUs  05m48.0s/14m00.0s

running (05m49.0s), 088/150 VUs, 475454 complete and 0 interrupted iterations
default   [  42% ] 088/150 VUs  05m49.0s/14m00.0s

running (05m50.0s), 088/150 VUs, 477105 complete and 0 interrupted iterations
default   [  42% ] 088/150 VUs  05m50.0s/14m00.0s

running (05m51.0s), 088/150 VUs, 478824 complete and 0 interrupted iterations
default   [  42% ] 088/150 VUs  05m51.0s/14m00.0s

running (05m52.0s), 088/150 VUs, 480658 complete and 0 interrupted iterations
default   [  42% ] 088/150 VUs  05m52.0s/14m00.0s

running (05m53.0s), 088/150 VUs, 482499 complete and 0 interrupted iterations
default   [  42% ] 088/150 VUs  05m53.0s/14m00.0s

running (05m54.0s), 088/150 VUs, 483623 complete and 0 interrupted iterations
default   [  42% ] 088/150 VUs  05m54.0s/14m00.0s

running (05m55.0s), 089/150 VUs, 485361 complete and 0 interrupted iterations
default   [  42% ] 089/150 VUs  05m55.0s/14m00.0s

running (05m56.0s), 089/150 VUs, 487194 complete and 0 interrupted iterations
default   [  42% ] 089/150 VUs  05m56.0s/14m00.0s

running (05m57.0s), 089/150 VUs, 488879 complete and 0 interrupted iterations
default   [  42% ] 089/150 VUs  05m57.0s/14m00.0s

running (05m58.0s), 089/150 VUs, 490168 complete and 0 interrupted iterations
default   [  43% ] 089/150 VUs  05m58.0s/14m00.0s

running (05m59.0s), 089/150 VUs, 491752 complete and 0 interrupted iterations
default   [  43% ] 089/150 VUs  05m59.0s/14m00.0s

running (06m00.0s), 089/150 VUs, 493570 complete and 0 interrupted iterations
default   [  43% ] 089/150 VUs  06m00.0s/14m00.0s

running (06m01.0s), 090/150 VUs, 494580 complete and 0 interrupted iterations
default   [  43% ] 090/150 VUs  06m01.0s/14m00.0s

running (06m02.0s), 090/150 VUs, 496396 complete and 0 interrupted iterations
default   [  43% ] 090/150 VUs  06m02.0s/14m00.0s

running (06m03.0s), 090/150 VUs, 498142 complete and 0 interrupted iterations
default   [  43% ] 090/150 VUs  06m03.0s/14m00.0s

running (06m04.0s), 090/150 VUs, 499475 complete and 0 interrupted iterations
default   [  43% ] 090/150 VUs  06m04.0s/14m00.0s

running (06m05.0s), 090/150 VUs, 501494 complete and 0 interrupted iterations
default   [  43% ] 090/150 VUs  06m05.0s/14m00.0s

running (06m06.0s), 090/150 VUs, 502964 complete and 0 interrupted iterations
default   [  44% ] 090/150 VUs  06m06.0s/14m00.0s

running (06m07.0s), 091/150 VUs, 504631 complete and 0 interrupted iterations
default   [  44% ] 091/150 VUs  06m07.0s/14m00.0s

running (06m08.0s), 091/150 VUs, 506036 complete and 0 interrupted iterations
default   [  44% ] 091/150 VUs  06m08.0s/14m00.0s

running (06m09.0s), 091/150 VUs, 508122 complete and 0 interrupted iterations
default   [  44% ] 091/150 VUs  06m09.0s/14m00.0s

running (06m10.0s), 091/150 VUs, 509635 complete and 0 interrupted iterations
default   [  44% ] 091/150 VUs  06m10.0s/14m00.0s

running (06m11.0s), 091/150 VUs, 511686 complete and 0 interrupted iterations
default   [  44% ] 091/150 VUs  06m11.0s/14m00.0s

running (06m12.0s), 091/150 VUs, 513448 complete and 0 interrupted iterations
default   [  44% ] 091/150 VUs  06m12.0s/14m00.0s

running (06m13.0s), 092/150 VUs, 515063 complete and 0 interrupted iterations
default   [  44% ] 092/150 VUs  06m13.0s/14m00.0s

running (06m14.0s), 092/150 VUs, 516782 complete and 0 interrupted iterations
default   [  45% ] 092/150 VUs  06m14.0s/14m00.0s

running (06m15.0s), 092/150 VUs, 518649 complete and 0 interrupted iterations
default   [  45% ] 092/150 VUs  06m15.0s/14m00.0s

running (06m16.0s), 092/150 VUs, 519570 complete and 0 interrupted iterations
default   [  45% ] 092/150 VUs  06m16.0s/14m00.0s

running (06m17.0s), 092/150 VUs, 521068 complete and 0 interrupted iterations
default   [  45% ] 092/150 VUs  06m17.0s/14m00.0s

running (06m18.0s), 092/150 VUs, 522556 complete and 0 interrupted iterations
default   [  45% ] 092/150 VUs  06m18.0s/14m00.0s

running (06m19.0s), 093/150 VUs, 524541 complete and 0 interrupted iterations
default   [  45% ] 093/150 VUs  06m19.0s/14m00.0s

running (06m20.0s), 093/150 VUs, 526361 complete and 0 interrupted iterations
default   [  45% ] 093/150 VUs  06m20.0s/14m00.0s

running (06m21.0s), 093/150 VUs, 528102 complete and 0 interrupted iterations
default   [  45% ] 093/150 VUs  06m21.0s/14m00.0s

running (06m22.0s), 093/150 VUs, 529497 complete and 0 interrupted iterations
default   [  45% ] 093/150 VUs  06m22.0s/14m00.0s

running (06m23.0s), 093/150 VUs, 531203 complete and 0 interrupted iterations
default   [  46% ] 093/150 VUs  06m23.0s/14m00.0s

running (06m24.0s), 093/150 VUs, 533022 complete and 0 interrupted iterations
default   [  46% ] 093/150 VUs  06m24.0s/14m00.0s

running (06m25.0s), 094/150 VUs, 535011 complete and 0 interrupted iterations
default   [  46% ] 094/150 VUs  06m25.0s/14m00.0s

running (06m26.0s), 094/150 VUs, 536801 complete and 0 interrupted iterations
default   [  46% ] 094/150 VUs  06m26.0s/14m00.0s

running (06m27.0s), 094/150 VUs, 538414 complete and 0 interrupted iterations
default   [  46% ] 094/150 VUs  06m27.0s/14m00.0s

running (06m28.0s), 094/150 VUs, 540138 complete and 0 interrupted iterations
default   [  46% ] 094/150 VUs  06m28.0s/14m00.0s

running (06m29.0s), 094/150 VUs, 541701 complete and 0 interrupted iterations
default   [  46% ] 094/150 VUs  06m29.0s/14m00.0s

running (06m30.0s), 094/150 VUs, 543330 complete and 0 interrupted iterations
default   [  46% ] 094/150 VUs  06m30.0s/14m00.0s

running (06m31.0s), 095/150 VUs, 544976 complete and 0 interrupted iterations
default   [  47% ] 095/150 VUs  06m31.0s/14m00.0s

running (06m32.0s), 095/150 VUs, 546563 complete and 0 interrupted iterations
default   [  47% ] 095/150 VUs  06m32.0s/14m00.0s

running (06m33.0s), 095/150 VUs, 548418 complete and 0 interrupted iterations
default   [  47% ] 095/150 VUs  06m33.0s/14m00.0s

running (06m34.0s), 095/150 VUs, 549232 complete and 0 interrupted iterations
default   [  47% ] 095/150 VUs  06m34.0s/14m00.0s

running (06m35.0s), 095/150 VUs, 550925 complete and 0 interrupted iterations
default   [  47% ] 095/150 VUs  06m35.0s/14m00.0s

running (06m36.0s), 095/150 VUs, 552668 complete and 0 interrupted iterations
default   [  47% ] 095/150 VUs  06m36.0s/14m00.0s

running (06m37.0s), 096/150 VUs, 553522 complete and 0 interrupted iterations
default   [  47% ] 096/150 VUs  06m37.0s/14m00.0s

running (06m38.0s), 096/150 VUs, 555448 complete and 0 interrupted iterations
default   [  47% ] 096/150 VUs  06m38.0s/14m00.0s

running (06m39.0s), 096/150 VUs, 557380 complete and 0 interrupted iterations
default   [  47% ] 096/150 VUs  06m39.0s/14m00.0s

running (06m40.0s), 096/150 VUs, 558835 complete and 0 interrupted iterations
default   [  48% ] 096/150 VUs  06m40.0s/14m00.0s

running (06m41.0s), 096/150 VUs, 559980 complete and 0 interrupted iterations
default   [  48% ] 096/150 VUs  06m41.0s/14m00.0s

running (06m42.0s), 096/150 VUs, 560437 complete and 0 interrupted iterations
default   [  48% ] 096/150 VUs  06m42.0s/14m00.0s

running (06m43.0s), 097/150 VUs, 561241 complete and 0 interrupted iterations
default   [  48% ] 097/150 VUs  06m43.0s/14m00.0s

running (06m44.0s), 097/150 VUs, 561940 complete and 0 interrupted iterations
default   [  48% ] 097/150 VUs  06m44.0s/14m00.0s

running (06m45.0s), 097/150 VUs, 562637 complete and 0 interrupted iterations
default   [  48% ] 097/150 VUs  06m45.0s/14m00.0s

running (06m46.0s), 097/150 VUs, 563267 complete and 0 interrupted iterations
default   [  48% ] 097/150 VUs  06m46.0s/14m00.0s

running (06m47.0s), 097/150 VUs, 564616 complete and 0 interrupted iterations
default   [  48% ] 097/150 VUs  06m47.0s/14m00.0s

running (06m48.0s), 097/150 VUs, 565572 complete and 0 interrupted iterations
default   [  49% ] 097/150 VUs  06m48.0s/14m00.0s

running (06m49.0s), 098/150 VUs, 566016 complete and 0 interrupted iterations
default   [  49% ] 098/150 VUs  06m49.0s/14m00.0s

running (06m50.0s), 098/150 VUs, 566869 complete and 0 interrupted iterations
default   [  49% ] 098/150 VUs  06m50.0s/14m00.0s

running (06m51.0s), 098/150 VUs, 568588 complete and 0 interrupted iterations
default   [  49% ] 098/150 VUs  06m51.0s/14m00.0s

running (06m52.0s), 098/150 VUs, 569901 complete and 0 interrupted iterations
default   [  49% ] 098/150 VUs  06m52.0s/14m00.0s

running (06m53.0s), 098/150 VUs, 570564 complete and 0 interrupted iterations
default   [  49% ] 098/150 VUs  06m53.0s/14m00.0s

running (06m54.0s), 098/150 VUs, 571416 complete and 0 interrupted iterations
default   [  49% ] 098/150 VUs  06m54.0s/14m00.0s

running (06m55.0s), 099/150 VUs, 572073 complete and 0 interrupted iterations
default   [  49% ] 099/150 VUs  06m55.0s/14m00.0s

running (06m56.0s), 099/150 VUs, 572785 complete and 0 interrupted iterations
default   [  50% ] 099/150 VUs  06m56.0s/14m00.0s

running (06m57.0s), 099/150 VUs, 573503 complete and 0 interrupted iterations
default   [  50% ] 099/150 VUs  06m57.0s/14m00.0s

running (06m58.0s), 099/150 VUs, 574132 complete and 0 interrupted iterations
default   [  50% ] 099/150 VUs  06m58.0s/14m00.0s

running (06m59.0s), 099/150 VUs, 574775 complete and 0 interrupted iterations
default   [  50% ] 099/150 VUs  06m59.0s/14m00.0s

running (07m00.0s), 099/150 VUs, 575341 complete and 0 interrupted iterations
default   [  50% ] 099/150 VUs  07m00.0s/14m00.0s

running (07m01.0s), 100/150 VUs, 575433 complete and 0 interrupted iterations
default   [  50% ] 100/150 VUs  07m01.0s/14m00.0s

running (07m02.0s), 100/150 VUs, 575643 complete and 0 interrupted iterations
default   [  50% ] 100/150 VUs  07m02.0s/14m00.0s

running (07m03.0s), 100/150 VUs, 577105 complete and 0 interrupted iterations
default   [  50% ] 100/150 VUs  07m03.0s/14m00.0s

running (07m04.0s), 100/150 VUs, 577765 complete and 0 interrupted iterations
default   [  50% ] 100/150 VUs  07m04.0s/14m00.0s

running (07m05.0s), 100/150 VUs, 579754 complete and 0 interrupted iterations
default   [  51% ] 100/150 VUs  07m05.0s/14m00.0s

running (07m06.0s), 100/150 VUs, 581414 complete and 0 interrupted iterations
default   [  51% ] 100/150 VUs  07m06.0s/14m00.0s

running (07m07.0s), 101/150 VUs, 583339 complete and 0 interrupted iterations
default   [  51% ] 101/150 VUs  07m07.0s/14m00.0s

running (07m08.0s), 101/150 VUs, 584806 complete and 0 interrupted iterations
default   [  51% ] 101/150 VUs  07m08.0s/14m00.0s

running (07m09.0s), 101/150 VUs, 586827 complete and 0 interrupted iterations
default   [  51% ] 101/150 VUs  07m09.0s/14m00.0s

running (07m10.0s), 101/150 VUs, 588246 complete and 0 interrupted iterations
default   [  51% ] 101/150 VUs  07m10.0s/14m00.0s

running (07m11.0s), 101/150 VUs, 589933 complete and 0 interrupted iterations
default   [  51% ] 101/150 VUs  07m11.0s/14m00.0s

running (07m12.0s), 101/150 VUs, 591508 complete and 0 interrupted iterations
default   [  51% ] 101/150 VUs  07m12.0s/14m00.0s

running (07m13.0s), 102/150 VUs, 593347 complete and 0 interrupted iterations
default   [  52% ] 102/150 VUs  07m13.0s/14m00.0s

running (07m14.0s), 102/150 VUs, 595568 complete and 0 interrupted iterations
default   [  52% ] 102/150 VUs  07m14.0s/14m00.0s

running (07m15.0s), 102/150 VUs, 597334 complete and 0 interrupted iterations
default   [  52% ] 102/150 VUs  07m15.0s/14m00.0s

running (07m16.0s), 102/150 VUs, 599002 complete and 0 interrupted iterations
default   [  52% ] 102/150 VUs  07m16.0s/14m00.0s

running (07m17.0s), 102/150 VUs, 600654 complete and 0 interrupted iterations
default   [  52% ] 102/150 VUs  07m17.0s/14m00.0s

running (07m18.0s), 102/150 VUs, 602532 complete and 0 interrupted iterations
default   [  52% ] 102/150 VUs  07m18.0s/14m00.0s

running (07m19.0s), 103/150 VUs, 604229 complete and 0 interrupted iterations
default   [  52% ] 103/150 VUs  07m19.0s/14m00.0s

running (07m20.0s), 103/150 VUs, 605710 complete and 0 interrupted iterations
default   [  52% ] 103/150 VUs  07m20.0s/14m00.0s

running (07m21.0s), 103/150 VUs, 607371 complete and 0 interrupted iterations
default   [  52% ] 103/150 VUs  07m21.0s/14m00.0s

running (07m22.0s), 103/150 VUs, 607869 complete and 0 interrupted iterations
default   [  53% ] 103/150 VUs  07m22.0s/14m00.0s

running (07m23.0s), 103/150 VUs, 609899 complete and 0 interrupted iterations
default   [  53% ] 103/150 VUs  07m23.0s/14m00.0s

running (07m24.0s), 103/150 VUs, 611358 complete and 0 interrupted iterations
default   [  53% ] 103/150 VUs  07m24.0s/14m00.0s

running (07m25.0s), 104/150 VUs, 613110 complete and 0 interrupted iterations
default   [  53% ] 104/150 VUs  07m25.0s/14m00.0s

running (07m26.0s), 104/150 VUs, 615049 complete and 0 interrupted iterations
default   [  53% ] 104/150 VUs  07m26.0s/14m00.0s

running (07m27.0s), 104/150 VUs, 616875 complete and 0 interrupted iterations
default   [  53% ] 104/150 VUs  07m27.0s/14m00.0s

running (07m28.0s), 104/150 VUs, 618587 complete and 0 interrupted iterations
default   [  53% ] 104/150 VUs  07m28.0s/14m00.0s

running (07m29.0s), 104/150 VUs, 620516 complete and 0 interrupted iterations
default   [  53% ] 104/150 VUs  07m29.0s/14m00.0s

running (07m30.0s), 104/150 VUs, 621992 complete and 0 interrupted iterations
default   [  54% ] 104/150 VUs  07m30.0s/14m00.0s

running (07m31.0s), 105/150 VUs, 623464 complete and 0 interrupted iterations
default   [  54% ] 105/150 VUs  07m31.0s/14m00.0s

running (07m32.0s), 105/150 VUs, 625158 complete and 0 interrupted iterations
default   [  54% ] 105/150 VUs  07m32.0s/14m00.0s

running (07m33.0s), 105/150 VUs, 627110 complete and 0 interrupted iterations
default   [  54% ] 105/150 VUs  07m33.0s/14m00.0s

running (07m34.0s), 105/150 VUs, 628609 complete and 0 interrupted iterations
default   [  54% ] 105/150 VUs  07m34.0s/14m00.0s

running (07m35.0s), 105/150 VUs, 630358 complete and 0 interrupted iterations
default   [  54% ] 105/150 VUs  07m35.0s/14m00.0s

running (07m36.0s), 105/150 VUs, 632015 complete and 0 interrupted iterations
default   [  54% ] 105/150 VUs  07m36.0s/14m00.0s

running (07m37.0s), 106/150 VUs, 633765 complete and 0 interrupted iterations
default   [  54% ] 106/150 VUs  07m37.0s/14m00.0s

running (07m38.0s), 106/150 VUs, 634942 complete and 0 interrupted iterations
default   [  55% ] 106/150 VUs  07m38.0s/14m00.0s

running (07m39.0s), 106/150 VUs, 636793 complete and 0 interrupted iterations
default   [  55% ] 106/150 VUs  07m39.0s/14m00.0s

running (07m40.0s), 106/150 VUs, 637142 complete and 0 interrupted iterations
default   [  55% ] 106/150 VUs  07m40.0s/14m00.0s

running (07m41.0s), 106/150 VUs, 638318 complete and 0 interrupted iterations
default   [  55% ] 106/150 VUs  07m41.0s/14m00.0s

running (07m42.0s), 106/150 VUs, 639721 complete and 0 interrupted iterations
default   [  55% ] 106/150 VUs  07m42.0s/14m00.0s

running (07m43.0s), 107/150 VUs, 640372 complete and 0 interrupted iterations
default   [  55% ] 107/150 VUs  07m43.0s/14m00.0s

running (07m44.0s), 107/150 VUs, 640836 complete and 0 interrupted iterations
default   [  55% ] 107/150 VUs  07m44.0s/14m00.0s

running (07m45.0s), 107/150 VUs, 641490 complete and 0 interrupted iterations
default   [  55% ] 107/150 VUs  07m45.0s/14m00.0s

running (07m46.0s), 107/150 VUs, 641909 complete and 0 interrupted iterations
default   [  55% ] 107/150 VUs  07m46.0s/14m00.0s

running (07m47.0s), 107/150 VUs, 642897 complete and 0 interrupted iterations
default   [  56% ] 107/150 VUs  07m47.0s/14m00.0s

running (07m48.0s), 107/150 VUs, 643406 complete and 0 interrupted iterations
default   [  56% ] 107/150 VUs  07m48.0s/14m00.0s

running (07m49.0s), 108/150 VUs, 644287 complete and 0 interrupted iterations
default   [  56% ] 108/150 VUs  07m49.0s/14m00.0s

running (07m50.0s), 108/150 VUs, 645208 complete and 0 interrupted iterations
default   [  56% ] 108/150 VUs  07m50.0s/14m00.0s

running (07m51.0s), 108/150 VUs, 646066 complete and 0 interrupted iterations
default   [  56% ] 108/150 VUs  07m51.0s/14m00.0s

running (07m52.0s), 108/150 VUs, 646724 complete and 0 interrupted iterations
default   [  56% ] 108/150 VUs  07m52.0s/14m00.0s

running (07m53.0s), 108/150 VUs, 647278 complete and 0 interrupted iterations
default   [  56% ] 108/150 VUs  07m53.0s/14m00.0s

running (07m54.0s), 108/150 VUs, 648353 complete and 0 interrupted iterations
default   [  56% ] 108/150 VUs  07m54.0s/14m00.0s

running (07m55.0s), 109/150 VUs, 649045 complete and 0 interrupted iterations
default   [  57% ] 109/150 VUs  07m55.0s/14m00.0s

running (07m56.0s), 109/150 VUs, 649553 complete and 0 interrupted iterations
default   [  57% ] 109/150 VUs  07m56.0s/14m00.0s

running (07m57.0s), 109/150 VUs, 650121 complete and 0 interrupted iterations
default   [  57% ] 109/150 VUs  07m57.0s/14m00.0s

running (07m58.0s), 109/150 VUs, 650821 complete and 0 interrupted iterations
default   [  57% ] 109/150 VUs  07m58.0s/14m00.0s

running (07m59.0s), 109/150 VUs, 651564 complete and 0 interrupted iterations
default   [  57% ] 109/150 VUs  07m59.0s/14m00.0s

running (08m00.0s), 109/150 VUs, 652140 complete and 0 interrupted iterations
default   [  57% ] 109/150 VUs  08m00.0s/14m00.0s

running (08m01.0s), 110/150 VUs, 652600 complete and 0 interrupted iterations
default   [  57% ] 110/150 VUs  08m01.0s/14m00.0s

running (08m02.0s), 110/150 VUs, 653179 complete and 0 interrupted iterations
default   [  57% ] 110/150 VUs  08m02.0s/14m00.0s

running (08m03.0s), 110/150 VUs, 653794 complete and 0 interrupted iterations
default   [  57% ] 110/150 VUs  08m03.0s/14m00.0s

running (08m04.0s), 110/150 VUs, 654186 complete and 0 interrupted iterations
default   [  58% ] 110/150 VUs  08m04.0s/14m00.0s

running (08m05.0s), 110/150 VUs, 654792 complete and 0 interrupted iterations
default   [  58% ] 110/150 VUs  08m05.0s/14m00.0s

running (08m06.0s), 110/150 VUs, 655315 complete and 0 interrupted iterations
default   [  58% ] 110/150 VUs  08m06.0s/14m00.0s

running (08m07.0s), 111/150 VUs, 655768 complete and 0 interrupted iterations
default   [  58% ] 111/150 VUs  08m07.0s/14m00.0s

running (08m08.0s), 111/150 VUs, 657470 complete and 0 interrupted iterations
default   [  58% ] 111/150 VUs  08m08.0s/14m00.0s

running (08m09.0s), 111/150 VUs, 659007 complete and 0 interrupted iterations
default   [  58% ] 111/150 VUs  08m09.0s/14m00.0s

running (08m10.0s), 111/150 VUs, 660888 complete and 0 interrupted iterations
default   [  58% ] 111/150 VUs  08m10.0s/14m00.0s

running (08m11.0s), 111/150 VUs, 662256 complete and 0 interrupted iterations
default   [  58% ] 111/150 VUs  08m11.0s/14m00.0s

running (08m12.0s), 111/150 VUs, 664260 complete and 0 interrupted iterations
default   [  59% ] 111/150 VUs  08m12.0s/14m00.0s

running (08m13.0s), 112/150 VUs, 665651 complete and 0 interrupted iterations
default   [  59% ] 112/150 VUs  08m13.0s/14m00.0s

running (08m14.0s), 112/150 VUs, 666827 complete and 0 interrupted iterations
default   [  59% ] 112/150 VUs  08m14.0s/14m00.0s

running (08m15.0s), 112/150 VUs, 668723 complete and 0 interrupted iterations
default   [  59% ] 112/150 VUs  08m15.0s/14m00.0s

running (08m16.0s), 112/150 VUs, 670012 complete and 0 interrupted iterations
default   [  59% ] 112/150 VUs  08m16.0s/14m00.0s

running (08m17.0s), 112/150 VUs, 671891 complete and 0 interrupted iterations
default   [  59% ] 112/150 VUs  08m17.0s/14m00.0s

running (08m18.0s), 112/150 VUs, 673545 complete and 0 interrupted iterations
default   [  59% ] 112/150 VUs  08m18.0s/14m00.0s

running (08m19.0s), 113/150 VUs, 675471 complete and 0 interrupted iterations
default   [  59% ] 113/150 VUs  08m19.0s/14m00.0s

running (08m20.0s), 113/150 VUs, 676923 complete and 0 interrupted iterations
default   [  60% ] 113/150 VUs  08m20.0s/14m00.0s

running (08m21.0s), 113/150 VUs, 678707 complete and 0 interrupted iterations
default   [  60% ] 113/150 VUs  08m21.0s/14m00.0s

running (08m22.0s), 113/150 VUs, 680264 complete and 0 interrupted iterations
default   [  60% ] 113/150 VUs  08m22.0s/14m00.0s

running (08m23.0s), 113/150 VUs, 682212 complete and 0 interrupted iterations
default   [  60% ] 113/150 VUs  08m23.0s/14m00.0s

running (08m24.0s), 113/150 VUs, 683597 complete and 0 interrupted iterations
default   [  60% ] 113/150 VUs  08m24.0s/14m00.0s

running (08m25.0s), 114/150 VUs, 685342 complete and 0 interrupted iterations
default   [  60% ] 114/150 VUs  08m25.0s/14m00.0s

running (08m26.0s), 114/150 VUs, 687079 complete and 0 interrupted iterations
default   [  60% ] 114/150 VUs  08m26.0s/14m00.0s

running (08m27.0s), 114/150 VUs, 689098 complete and 0 interrupted iterations
default   [  60% ] 114/150 VUs  08m27.0s/14m00.0s

running (08m28.0s), 114/150 VUs, 690731 complete and 0 interrupted iterations
default   [  60% ] 114/150 VUs  08m28.0s/14m00.0s

running (08m29.0s), 114/150 VUs, 692426 complete and 0 interrupted iterations
default   [  61% ] 114/150 VUs  08m29.0s/14m00.0s

running (08m30.0s), 114/150 VUs, 694165 complete and 0 interrupted iterations
default   [  61% ] 114/150 VUs  08m30.0s/14m00.0s

running (08m31.0s), 115/150 VUs, 695481 complete and 0 interrupted iterations
default   [  61% ] 115/150 VUs  08m31.0s/14m00.0s

running (08m32.0s), 115/150 VUs, 696770 complete and 0 interrupted iterations
default   [  61% ] 115/150 VUs  08m32.0s/14m00.0s

running (08m33.0s), 115/150 VUs, 698853 complete and 0 interrupted iterations
default   [  61% ] 115/150 VUs  08m33.0s/14m00.0s

running (08m34.0s), 115/150 VUs, 700585 complete and 0 interrupted iterations
default   [  61% ] 115/150 VUs  08m34.0s/14m00.0s

running (08m35.0s), 115/150 VUs, 702434 complete and 0 interrupted iterations
default   [  61% ] 115/150 VUs  08m35.0s/14m00.0s

running (08m36.0s), 115/150 VUs, 703919 complete and 0 interrupted iterations
default   [  61% ] 115/150 VUs  08m36.0s/14m00.0s

running (08m37.0s), 116/150 VUs, 705544 complete and 0 interrupted iterations
default   [  62% ] 116/150 VUs  08m37.0s/14m00.0s

running (08m38.0s), 116/150 VUs, 707234 complete and 0 interrupted iterations
default   [  62% ] 116/150 VUs  08m38.0s/14m00.0s

running (08m39.0s), 116/150 VUs, 708904 complete and 0 interrupted iterations
default   [  62% ] 116/150 VUs  08m39.0s/14m00.0s

running (08m40.0s), 116/150 VUs, 710813 complete and 0 interrupted iterations
default   [  62% ] 116/150 VUs  08m40.0s/14m00.0s

running (08m41.0s), 116/150 VUs, 712438 complete and 0 interrupted iterations
default   [  62% ] 116/150 VUs  08m41.0s/14m00.0s

running (08m42.0s), 116/150 VUs, 714528 complete and 0 interrupted iterations
default   [  62% ] 116/150 VUs  08m42.0s/14m00.0s

running (08m43.0s), 117/150 VUs, 716218 complete and 0 interrupted iterations
default   [  62% ] 117/150 VUs  08m43.0s/14m00.0s

running (08m44.0s), 117/150 VUs, 718113 complete and 0 interrupted iterations
default   [  62% ] 117/150 VUs  08m44.0s/14m00.0s

running (08m45.0s), 117/150 VUs, 719643 complete and 0 interrupted iterations
default   [  62% ] 117/150 VUs  08m45.0s/14m00.0s

running (08m46.0s), 117/150 VUs, 721462 complete and 0 interrupted iterations
default   [  63% ] 117/150 VUs  08m46.0s/14m00.0s

running (08m47.0s), 117/150 VUs, 722942 complete and 0 interrupted iterations
default   [  63% ] 117/150 VUs  08m47.0s/14m00.0s

running (08m48.0s), 117/150 VUs, 724960 complete and 0 interrupted iterations
default   [  63% ] 117/150 VUs  08m48.0s/14m00.0s

running (08m49.0s), 118/150 VUs, 726593 complete and 0 interrupted iterations
default   [  63% ] 118/150 VUs  08m49.0s/14m00.0s

running (08m50.0s), 118/150 VUs, 728089 complete and 0 interrupted iterations
default   [  63% ] 118/150 VUs  08m50.0s/14m00.0s

running (08m51.0s), 118/150 VUs, 729550 complete and 0 interrupted iterations
default   [  63% ] 118/150 VUs  08m51.0s/14m00.0s

running (08m52.0s), 118/150 VUs, 731034 complete and 0 interrupted iterations
default   [  63% ] 118/150 VUs  08m52.0s/14m00.0s

running (08m53.0s), 118/150 VUs, 732480 complete and 0 interrupted iterations
default   [  63% ] 118/150 VUs  08m53.0s/14m00.0s

running (08m54.0s), 118/150 VUs, 734320 complete and 0 interrupted iterations
default   [  64% ] 118/150 VUs  08m54.0s/14m00.0s

running (08m55.0s), 119/150 VUs, 736077 complete and 0 interrupted iterations
default   [  64% ] 119/150 VUs  08m55.0s/14m00.0s

running (08m56.0s), 119/150 VUs, 737853 complete and 0 interrupted iterations
default   [  64% ] 119/150 VUs  08m56.0s/14m00.0s

running (08m57.0s), 119/150 VUs, 739319 complete and 0 interrupted iterations
default   [  64% ] 119/150 VUs  08m57.0s/14m00.0s

running (08m58.0s), 119/150 VUs, 740730 complete and 0 interrupted iterations
default   [  64% ] 119/150 VUs  08m58.0s/14m00.0s

running (08m59.0s), 119/150 VUs, 742436 complete and 0 interrupted iterations
default   [  64% ] 119/150 VUs  08m59.0s/14m00.0s

running (09m00.0s), 119/150 VUs, 744270 complete and 0 interrupted iterations
default   [  64% ] 119/150 VUs  09m00.0s/14m00.0s

running (09m01.0s), 120/150 VUs, 745279 complete and 0 interrupted iterations
default   [  64% ] 120/150 VUs  09m01.0s/14m00.0s

running (09m02.0s), 120/150 VUs, 747016 complete and 0 interrupted iterations
default   [  65% ] 120/150 VUs  09m02.0s/14m00.0s

running (09m03.0s), 120/150 VUs, 748353 complete and 0 interrupted iterations
default   [  65% ] 120/150 VUs  09m03.0s/14m00.0s

running (09m04.0s), 120/150 VUs, 749800 complete and 0 interrupted iterations
default   [  65% ] 120/150 VUs  09m04.0s/14m00.0s

running (09m05.0s), 120/150 VUs, 751660 complete and 0 interrupted iterations
default   [  65% ] 120/150 VUs  09m05.0s/14m00.0s

running (09m06.0s), 120/150 VUs, 753393 complete and 0 interrupted iterations
default   [  65% ] 120/150 VUs  09m06.0s/14m00.0s

running (09m07.0s), 121/150 VUs, 753735 complete and 0 interrupted iterations
default   [  65% ] 121/150 VUs  09m07.0s/14m00.0s

running (09m08.0s), 121/150 VUs, 755509 complete and 0 interrupted iterations
default   [  65% ] 121/150 VUs  09m08.0s/14m00.0s

running (09m09.0s), 121/150 VUs, 756561 complete and 0 interrupted iterations
default   [  65% ] 121/150 VUs  09m09.0s/14m00.0s

running (09m10.0s), 121/150 VUs, 758675 complete and 0 interrupted iterations
default   [  65% ] 121/150 VUs  09m10.0s/14m00.0s

running (09m11.0s), 121/150 VUs, 760544 complete and 0 interrupted iterations
default   [  66% ] 121/150 VUs  09m11.0s/14m00.0s

running (09m12.0s), 121/150 VUs, 761416 complete and 0 interrupted iterations
default   [  66% ] 121/150 VUs  09m12.0s/14m00.0s

running (09m13.0s), 122/150 VUs, 763094 complete and 0 interrupted iterations
default   [  66% ] 122/150 VUs  09m13.0s/14m00.0s

running (09m14.0s), 122/150 VUs, 764422 complete and 0 interrupted iterations
default   [  66% ] 122/150 VUs  09m14.0s/14m00.0s

running (09m15.0s), 122/150 VUs, 766117 complete and 0 interrupted iterations
default   [  66% ] 122/150 VUs  09m15.0s/14m00.0s

running (09m16.0s), 122/150 VUs, 767705 complete and 0 interrupted iterations
default   [  66% ] 122/150 VUs  09m16.0s/14m00.0s

running (09m17.0s), 122/150 VUs, 769481 complete and 0 interrupted iterations
default   [  66% ] 122/150 VUs  09m17.0s/14m00.0s

running (09m18.0s), 122/150 VUs, 771237 complete and 0 interrupted iterations
default   [  66% ] 122/150 VUs  09m18.0s/14m00.0s

running (09m19.0s), 123/150 VUs, 772842 complete and 0 interrupted iterations
default   [  67% ] 123/150 VUs  09m19.0s/14m00.0s

running (09m20.0s), 123/150 VUs, 774318 complete and 0 interrupted iterations
default   [  67% ] 123/150 VUs  09m20.0s/14m00.0s

running (09m21.0s), 123/150 VUs, 775820 complete and 0 interrupted iterations
default   [  67% ] 123/150 VUs  09m21.0s/14m00.0s

running (09m22.0s), 123/150 VUs, 777342 complete and 0 interrupted iterations
default   [  67% ] 123/150 VUs  09m22.0s/14m00.0s

running (09m23.0s), 123/150 VUs, 778690 complete and 0 interrupted iterations
default   [  67% ] 123/150 VUs  09m23.0s/14m00.0s

running (09m24.0s), 123/150 VUs, 780072 complete and 0 interrupted iterations
default   [  67% ] 123/150 VUs  09m24.0s/14m00.0s

running (09m25.0s), 124/150 VUs, 781748 complete and 0 interrupted iterations
default   [  67% ] 124/150 VUs  09m25.0s/14m00.0s

running (09m26.0s), 124/150 VUs, 783608 complete and 0 interrupted iterations
default   [  67% ] 124/150 VUs  09m26.0s/14m00.0s

running (09m27.0s), 124/150 VUs, 785103 complete and 0 interrupted iterations
default   [  67% ] 124/150 VUs  09m27.0s/14m00.0s

running (09m28.0s), 124/150 VUs, 786348 complete and 0 interrupted iterations
default   [  68% ] 124/150 VUs  09m28.0s/14m00.0s

running (09m29.0s), 124/150 VUs, 787279 complete and 0 interrupted iterations
default   [  68% ] 124/150 VUs  09m29.0s/14m00.0s

running (09m30.0s), 124/150 VUs, 788051 complete and 0 interrupted iterations
default   [  68% ] 124/150 VUs  09m30.0s/14m00.0s

running (09m31.0s), 125/150 VUs, 789745 complete and 0 interrupted iterations
default   [  68% ] 125/150 VUs  09m31.0s/14m00.0s

running (09m32.0s), 125/150 VUs, 791571 complete and 0 interrupted iterations
default   [  68% ] 125/150 VUs  09m32.0s/14m00.0s

running (09m33.0s), 125/150 VUs, 792114 complete and 0 interrupted iterations
default   [  68% ] 125/150 VUs  09m33.0s/14m00.0s

running (09m34.0s), 125/150 VUs, 794168 complete and 0 interrupted iterations
default   [  68% ] 125/150 VUs  09m34.0s/14m00.0s

running (09m35.0s), 125/150 VUs, 795874 complete and 0 interrupted iterations
default   [  68% ] 125/150 VUs  09m35.0s/14m00.0s

running (09m36.0s), 125/150 VUs, 797636 complete and 0 interrupted iterations
default   [  69% ] 125/150 VUs  09m36.0s/14m00.0s
time="2026-05-01T14:34:42+03:00" level=warning msg="Request Failed" error="Post \"http://178.236.25.152/api/v1/orders\": request timeout"

running (09m37.0s), 126/150 VUs, 799221 complete and 0 interrupted iterations
default   [  69% ] 126/150 VUs  09m37.0s/14m00.0s

running (09m38.0s), 126/150 VUs, 800779 complete and 0 interrupted iterations
default   [  69% ] 126/150 VUs  09m38.0s/14m00.0s

running (09m39.0s), 126/150 VUs, 802403 complete and 0 interrupted iterations
default   [  69% ] 126/150 VUs  09m39.0s/14m00.0s

running (09m40.0s), 126/150 VUs, 804196 complete and 0 interrupted iterations
default   [  69% ] 126/150 VUs  09m40.0s/14m00.0s

running (09m41.0s), 126/150 VUs, 805724 complete and 0 interrupted iterations
default   [  69% ] 126/150 VUs  09m41.0s/14m00.0s

running (09m42.0s), 126/150 VUs, 806236 complete and 0 interrupted iterations
default   [  69% ] 126/150 VUs  09m42.0s/14m00.0s

running (09m43.0s), 127/150 VUs, 806993 complete and 0 interrupted iterations
default   [  69% ] 127/150 VUs  09m43.0s/14m00.0s

running (09m44.0s), 127/150 VUs, 807430 complete and 0 interrupted iterations
default   [  70% ] 127/150 VUs  09m44.0s/14m00.0s

running (09m45.0s), 127/150 VUs, 808520 complete and 0 interrupted iterations
default   [  70% ] 127/150 VUs  09m45.0s/14m00.0s

running (09m46.0s), 127/150 VUs, 809186 complete and 0 interrupted iterations
default   [  70% ] 127/150 VUs  09m46.0s/14m00.0s

running (09m47.0s), 127/150 VUs, 809806 complete and 0 interrupted iterations
default   [  70% ] 127/150 VUs  09m47.0s/14m00.0s

running (09m48.0s), 127/150 VUs, 810275 complete and 0 interrupted iterations
default   [  70% ] 127/150 VUs  09m48.0s/14m00.0s

running (09m49.0s), 128/150 VUs, 810948 complete and 0 interrupted iterations
default   [  70% ] 128/150 VUs  09m49.0s/14m00.0s

running (09m50.0s), 128/150 VUs, 811358 complete and 0 interrupted iterations
default   [  70% ] 128/150 VUs  09m50.0s/14m00.0s

running (09m51.0s), 128/150 VUs, 811879 complete and 0 interrupted iterations
default   [  70% ] 128/150 VUs  09m51.0s/14m00.0s

running (09m52.0s), 128/150 VUs, 813806 complete and 0 interrupted iterations
default   [  70% ] 128/150 VUs  09m52.0s/14m00.0s

running (09m53.0s), 128/150 VUs, 814856 complete and 0 interrupted iterations
default   [  71% ] 128/150 VUs  09m53.0s/14m00.0s

running (09m54.0s), 128/150 VUs, 815366 complete and 0 interrupted iterations
default   [  71% ] 128/150 VUs  09m54.0s/14m00.0s

running (09m55.0s), 129/150 VUs, 816034 complete and 0 interrupted iterations
default   [  71% ] 129/150 VUs  09m55.0s/14m00.0s

running (09m56.0s), 129/150 VUs, 817141 complete and 0 interrupted iterations
default   [  71% ] 129/150 VUs  09m56.0s/14m00.0s

running (09m57.0s), 129/150 VUs, 818527 complete and 0 interrupted iterations
default   [  71% ] 129/150 VUs  09m57.0s/14m00.0s

running (09m58.0s), 129/150 VUs, 820120 complete and 0 interrupted iterations
default   [  71% ] 129/150 VUs  09m58.0s/14m00.0s

running (09m59.0s), 129/150 VUs, 820831 complete and 0 interrupted iterations
default   [  71% ] 129/150 VUs  09m59.0s/14m00.0s

running (10m00.0s), 129/150 VUs, 821333 complete and 0 interrupted iterations
default   [  71% ] 129/150 VUs  10m00.0s/14m00.0s

running (10m01.0s), 130/150 VUs, 821806 complete and 0 interrupted iterations
default   [  72% ] 130/150 VUs  10m01.0s/14m00.0s

running (10m02.0s), 130/150 VUs, 822239 complete and 0 interrupted iterations
default   [  72% ] 130/150 VUs  10m02.0s/14m00.0s

running (10m03.0s), 130/150 VUs, 822741 complete and 0 interrupted iterations
default   [  72% ] 130/150 VUs  10m03.0s/14m00.0s

running (10m04.0s), 130/150 VUs, 823244 complete and 0 interrupted iterations
default   [  72% ] 130/150 VUs  10m04.0s/14m00.0s

running (10m05.0s), 130/150 VUs, 823999 complete and 0 interrupted iterations
default   [  72% ] 130/150 VUs  10m05.0s/14m00.0s

running (10m06.0s), 130/150 VUs, 824423 complete and 0 interrupted iterations
default   [  72% ] 130/150 VUs  10m06.0s/14m00.0s

running (10m07.0s), 131/150 VUs, 824815 complete and 0 interrupted iterations
default   [  72% ] 131/150 VUs  10m07.0s/14m00.0s

running (10m08.0s), 131/150 VUs, 825166 complete and 0 interrupted iterations
default   [  72% ] 131/150 VUs  10m08.0s/14m00.0s

running (10m09.0s), 131/150 VUs, 825644 complete and 0 interrupted iterations
default   [  72% ] 131/150 VUs  10m09.0s/14m00.0s

running (10m10.0s), 131/150 VUs, 826094 complete and 0 interrupted iterations
default   [  73% ] 131/150 VUs  10m10.0s/14m00.0s

running (10m11.0s), 131/150 VUs, 826406 complete and 0 interrupted iterations
default   [  73% ] 131/150 VUs  10m11.0s/14m00.0s

running (10m12.0s), 131/150 VUs, 828021 complete and 0 interrupted iterations
default   [  73% ] 131/150 VUs  10m12.0s/14m00.0s

running (10m13.0s), 132/150 VUs, 829429 complete and 0 interrupted iterations
default   [  73% ] 132/150 VUs  10m13.0s/14m00.0s

running (10m14.0s), 132/150 VUs, 830419 complete and 0 interrupted iterations
default   [  73% ] 132/150 VUs  10m14.0s/14m00.0s

running (10m15.0s), 132/150 VUs, 831704 complete and 0 interrupted iterations
default   [  73% ] 132/150 VUs  10m15.0s/14m00.0s

running (10m16.0s), 132/150 VUs, 833974 complete and 0 interrupted iterations
default   [  73% ] 132/150 VUs  10m16.0s/14m00.0s

running (10m17.0s), 132/150 VUs, 835794 complete and 0 interrupted iterations
default   [  73% ] 132/150 VUs  10m17.0s/14m00.0s

running (10m18.0s), 132/150 VUs, 837777 complete and 0 interrupted iterations
default   [  74% ] 132/150 VUs  10m18.0s/14m00.0s

running (10m19.0s), 133/150 VUs, 839473 complete and 0 interrupted iterations
default   [  74% ] 133/150 VUs  10m19.0s/14m00.0s

running (10m20.0s), 133/150 VUs, 841416 complete and 0 interrupted iterations
default   [  74% ] 133/150 VUs  10m20.0s/14m00.0s

running (10m21.0s), 133/150 VUs, 842431 complete and 0 interrupted iterations
default   [  74% ] 133/150 VUs  10m21.0s/14m00.0s

running (10m22.0s), 133/150 VUs, 844374 complete and 0 interrupted iterations
default   [  74% ] 133/150 VUs  10m22.0s/14m00.0s

running (10m23.0s), 133/150 VUs, 846073 complete and 0 interrupted iterations
default   [  74% ] 133/150 VUs  10m23.0s/14m00.0s

running (10m24.0s), 133/150 VUs, 847986 complete and 0 interrupted iterations
default   [  74% ] 133/150 VUs  10m24.0s/14m00.0s

running (10m25.0s), 134/150 VUs, 848887 complete and 0 interrupted iterations
default   [  74% ] 134/150 VUs  10m25.0s/14m00.0s

running (10m26.0s), 134/150 VUs, 850416 complete and 0 interrupted iterations
default   [  75% ] 134/150 VUs  10m26.0s/14m00.0s

running (10m27.0s), 134/150 VUs, 852246 complete and 0 interrupted iterations
default   [  75% ] 134/150 VUs  10m27.0s/14m00.0s

running (10m28.0s), 134/150 VUs, 853985 complete and 0 interrupted iterations
default   [  75% ] 134/150 VUs  10m28.0s/14m00.0s

running (10m29.0s), 134/150 VUs, 855748 complete and 0 interrupted iterations
default   [  75% ] 134/150 VUs  10m29.0s/14m00.0s

running (10m30.0s), 134/150 VUs, 857467 complete and 0 interrupted iterations
default   [  75% ] 134/150 VUs  10m30.0s/14m00.0s

running (10m31.0s), 135/150 VUs, 859020 complete and 0 interrupted iterations
default   [  75% ] 135/150 VUs  10m31.0s/14m00.0s

running (10m32.0s), 135/150 VUs, 860900 complete and 0 interrupted iterations
default   [  75% ] 135/150 VUs  10m32.0s/14m00.0s

running (10m33.0s), 135/150 VUs, 862734 complete and 0 interrupted iterations
default   [  75% ] 135/150 VUs  10m33.0s/14m00.0s

running (10m34.0s), 135/150 VUs, 864592 complete and 0 interrupted iterations
default   [  75% ] 135/150 VUs  10m34.0s/14m00.0s

running (10m35.0s), 135/150 VUs, 866180 complete and 0 interrupted iterations
default   [  76% ] 135/150 VUs  10m35.0s/14m00.0s

running (10m36.0s), 135/150 VUs, 867902 complete and 0 interrupted iterations
default   [  76% ] 135/150 VUs  10m36.0s/14m00.0s

running (10m37.0s), 136/150 VUs, 869509 complete and 0 interrupted iterations
default   [  76% ] 136/150 VUs  10m37.0s/14m00.0s

running (10m38.0s), 136/150 VUs, 871364 complete and 0 interrupted iterations
default   [  76% ] 136/150 VUs  10m38.0s/14m00.0s

running (10m39.0s), 136/150 VUs, 872551 complete and 0 interrupted iterations
default   [  76% ] 136/150 VUs  10m39.0s/14m00.0s

running (10m40.0s), 136/150 VUs, 874102 complete and 0 interrupted iterations
default   [  76% ] 136/150 VUs  10m40.0s/14m00.0s

running (10m41.0s), 136/150 VUs, 875846 complete and 0 interrupted iterations
default   [  76% ] 136/150 VUs  10m41.0s/14m00.0s

running (10m42.0s), 136/150 VUs, 877531 complete and 0 interrupted iterations
default   [  76% ] 136/150 VUs  10m42.0s/14m00.0s

running (10m43.0s), 137/150 VUs, 879032 complete and 0 interrupted iterations
default   [  77% ] 137/150 VUs  10m43.0s/14m00.0s

running (10m44.0s), 137/150 VUs, 880463 complete and 0 interrupted iterations
default   [  77% ] 137/150 VUs  10m44.0s/14m00.0s

running (10m45.0s), 137/150 VUs, 882238 complete and 0 interrupted iterations
default   [  77% ] 137/150 VUs  10m45.0s/14m00.0s

running (10m46.0s), 137/150 VUs, 883298 complete and 0 interrupted iterations
default   [  77% ] 137/150 VUs  10m46.0s/14m00.0s

running (10m47.0s), 137/150 VUs, 885348 complete and 0 interrupted iterations
default   [  77% ] 137/150 VUs  10m47.0s/14m00.0s

running (10m48.0s), 137/150 VUs, 887057 complete and 0 interrupted iterations
default   [  77% ] 137/150 VUs  10m48.0s/14m00.0s

running (10m49.0s), 138/150 VUs, 888765 complete and 0 interrupted iterations
default   [  77% ] 138/150 VUs  10m49.0s/14m00.0s

running (10m50.0s), 138/150 VUs, 890478 complete and 0 interrupted iterations
default   [  77% ] 138/150 VUs  10m50.0s/14m00.0s

running (10m51.0s), 138/150 VUs, 891561 complete and 0 interrupted iterations
default   [  77% ] 138/150 VUs  10m51.0s/14m00.0s

running (10m52.0s), 138/150 VUs, 893319 complete and 0 interrupted iterations
default   [  78% ] 138/150 VUs  10m52.0s/14m00.0s

running (10m53.0s), 138/150 VUs, 894931 complete and 0 interrupted iterations
default   [  78% ] 138/150 VUs  10m53.0s/14m00.0s

running (10m54.0s), 138/150 VUs, 896777 complete and 0 interrupted iterations
default   [  78% ] 138/150 VUs  10m54.0s/14m00.0s

running (10m55.0s), 139/150 VUs, 898422 complete and 0 interrupted iterations
default   [  78% ] 139/150 VUs  10m55.0s/14m00.0s

running (10m56.0s), 139/150 VUs, 899998 complete and 0 interrupted iterations
default   [  78% ] 139/150 VUs  10m56.0s/14m00.0s

running (10m57.0s), 139/150 VUs, 901608 complete and 0 interrupted iterations
default   [  78% ] 139/150 VUs  10m57.0s/14m00.0s

running (10m58.0s), 139/150 VUs, 903460 complete and 0 interrupted iterations
default   [  78% ] 139/150 VUs  10m58.0s/14m00.0s

running (10m59.0s), 139/150 VUs, 904618 complete and 0 interrupted iterations
default   [  78% ] 139/150 VUs  10m59.0s/14m00.0s

running (11m00.0s), 139/150 VUs, 906641 complete and 0 interrupted iterations
default   [  79% ] 139/150 VUs  11m00.0s/14m00.0s

running (11m01.0s), 140/150 VUs, 908209 complete and 0 interrupted iterations
default   [  79% ] 140/150 VUs  11m01.0s/14m00.0s

running (11m02.0s), 140/150 VUs, 910145 complete and 0 interrupted iterations
default   [  79% ] 140/150 VUs  11m02.0s/14m00.0s

running (11m03.0s), 140/150 VUs, 911717 complete and 0 interrupted iterations
default   [  79% ] 140/150 VUs  11m03.0s/14m00.0s

running (11m04.0s), 140/150 VUs, 912315 complete and 0 interrupted iterations
default   [  79% ] 140/150 VUs  11m04.0s/14m00.0s

running (11m05.0s), 140/150 VUs, 914422 complete and 0 interrupted iterations
default   [  79% ] 140/150 VUs  11m05.0s/14m00.0s

running (11m06.0s), 140/150 VUs, 916034 complete and 0 interrupted iterations
default   [  79% ] 140/150 VUs  11m06.0s/14m00.0s

running (11m07.0s), 141/150 VUs, 917441 complete and 0 interrupted iterations
default   [  79% ] 141/150 VUs  11m07.0s/14m00.0s

running (11m08.0s), 141/150 VUs, 919192 complete and 0 interrupted iterations
default   [  80% ] 141/150 VUs  11m08.0s/14m00.0s

running (11m09.0s), 141/150 VUs, 920548 complete and 0 interrupted iterations
default   [  80% ] 141/150 VUs  11m09.0s/14m00.0s

running (11m10.0s), 141/150 VUs, 921319 complete and 0 interrupted iterations
default   [  80% ] 141/150 VUs  11m10.0s/14m00.0s

running (11m11.0s), 141/150 VUs, 922924 complete and 0 interrupted iterations
default   [  80% ] 141/150 VUs  11m11.0s/14m00.0s

running (11m12.0s), 141/150 VUs, 924457 complete and 0 interrupted iterations
default   [  80% ] 141/150 VUs  11m12.0s/14m00.0s

running (11m13.0s), 142/150 VUs, 926360 complete and 0 interrupted iterations
default   [  80% ] 142/150 VUs  11m13.0s/14m00.0s

running (11m14.0s), 142/150 VUs, 927764 complete and 0 interrupted iterations
default   [  80% ] 142/150 VUs  11m14.0s/14m00.0s

running (11m15.0s), 142/150 VUs, 929535 complete and 0 interrupted iterations
default   [  80% ] 142/150 VUs  11m15.0s/14m00.0s

running (11m16.0s), 142/150 VUs, 930795 complete and 0 interrupted iterations
default   [  80% ] 142/150 VUs  11m16.0s/14m00.0s

running (11m17.0s), 142/150 VUs, 932775 complete and 0 interrupted iterations
default   [  81% ] 142/150 VUs  11m17.0s/14m00.0s

running (11m18.0s), 142/150 VUs, 934693 complete and 0 interrupted iterations
default   [  81% ] 142/150 VUs  11m18.0s/14m00.0s

running (11m19.0s), 143/150 VUs, 936480 complete and 0 interrupted iterations
default   [  81% ] 143/150 VUs  11m19.0s/14m00.0s

running (11m20.0s), 143/150 VUs, 937610 complete and 0 interrupted iterations
default   [  81% ] 143/150 VUs  11m20.0s/14m00.0s

running (11m21.0s), 143/150 VUs, 939532 complete and 0 interrupted iterations
default   [  81% ] 143/150 VUs  11m21.0s/14m00.0s

running (11m22.0s), 143/150 VUs, 941394 complete and 0 interrupted iterations
default   [  81% ] 143/150 VUs  11m22.0s/14m00.0s

running (11m23.0s), 143/150 VUs, 942752 complete and 0 interrupted iterations
default   [  81% ] 143/150 VUs  11m23.0s/14m00.0s

running (11m24.0s), 143/150 VUs, 944858 complete and 0 interrupted iterations
default   [  81% ] 143/150 VUs  11m24.0s/14m00.0s

running (11m25.0s), 144/150 VUs, 946482 complete and 0 interrupted iterations
default   [  82% ] 144/150 VUs  11m25.0s/14m00.0s

running (11m26.0s), 144/150 VUs, 948228 complete and 0 interrupted iterations
default   [  82% ] 144/150 VUs  11m26.0s/14m00.0s

running (11m27.0s), 144/150 VUs, 950000 complete and 0 interrupted iterations
default   [  82% ] 144/150 VUs  11m27.0s/14m00.0s

running (11m28.0s), 144/150 VUs, 951844 complete and 0 interrupted iterations
default   [  82% ] 144/150 VUs  11m28.0s/14m00.0s

running (11m29.0s), 144/150 VUs, 953414 complete and 0 interrupted iterations
default   [  82% ] 144/150 VUs  11m29.0s/14m00.0s

running (11m30.0s), 144/150 VUs, 954397 complete and 0 interrupted iterations
default   [  82% ] 144/150 VUs  11m30.0s/14m00.0s

running (11m31.0s), 145/150 VUs, 956361 complete and 0 interrupted iterations
default   [  82% ] 145/150 VUs  11m31.0s/14m00.0s

running (11m32.0s), 145/150 VUs, 958346 complete and 0 interrupted iterations
default   [  82% ] 145/150 VUs  11m32.0s/14m00.0s

running (11m33.0s), 145/150 VUs, 960133 complete and 0 interrupted iterations
default   [  82% ] 145/150 VUs  11m33.0s/14m00.0s

running (11m34.0s), 145/150 VUs, 961825 complete and 0 interrupted iterations
default   [  83% ] 145/150 VUs  11m34.0s/14m00.0s

running (11m35.0s), 145/150 VUs, 963965 complete and 0 interrupted iterations
default   [  83% ] 145/150 VUs  11m35.0s/14m00.0s

running (11m36.0s), 145/150 VUs, 965116 complete and 0 interrupted iterations
default   [  83% ] 145/150 VUs  11m36.0s/14m00.0s

running (11m37.0s), 146/150 VUs, 967041 complete and 0 interrupted iterations
default   [  83% ] 146/150 VUs  11m37.0s/14m00.0s

running (11m38.0s), 146/150 VUs, 968945 complete and 0 interrupted iterations
default   [  83% ] 146/150 VUs  11m38.0s/14m00.0s

running (11m39.0s), 146/150 VUs, 970798 complete and 0 interrupted iterations
default   [  83% ] 146/150 VUs  11m39.0s/14m00.0s

running (11m40.0s), 146/150 VUs, 972427 complete and 0 interrupted iterations
default   [  83% ] 146/150 VUs  11m40.0s/14m00.0s

running (11m41.0s), 146/150 VUs, 973172 complete and 0 interrupted iterations
default   [  83% ] 146/150 VUs  11m41.0s/14m00.0s

running (11m42.0s), 146/150 VUs, 973479 complete and 0 interrupted iterations
default   [  84% ] 146/150 VUs  11m42.0s/14m00.0s

running (11m43.0s), 147/150 VUs, 974230 complete and 0 interrupted iterations
default   [  84% ] 147/150 VUs  11m43.0s/14m00.0s

running (11m44.0s), 147/150 VUs, 975125 complete and 0 interrupted iterations
default   [  84% ] 147/150 VUs  11m44.0s/14m00.0s

running (11m45.0s), 147/150 VUs, 975911 complete and 0 interrupted iterations
default   [  84% ] 147/150 VUs  11m45.0s/14m00.0s

running (11m46.0s), 147/150 VUs, 976644 complete and 0 interrupted iterations
default   [  84% ] 147/150 VUs  11m46.0s/14m00.0s

running (11m47.0s), 147/150 VUs, 977195 complete and 0 interrupted iterations
default   [  84% ] 147/150 VUs  11m47.0s/14m00.0s

running (11m48.0s), 147/150 VUs, 977733 complete and 0 interrupted iterations
default   [  84% ] 147/150 VUs  11m48.0s/14m00.0s

running (11m49.0s), 148/150 VUs, 978410 complete and 0 interrupted iterations
default   [  84% ] 148/150 VUs  11m49.0s/14m00.0s

running (11m50.0s), 148/150 VUs, 978853 complete and 0 interrupted iterations
default   [  85% ] 148/150 VUs  11m50.0s/14m00.0s

running (11m51.0s), 148/150 VUs, 979488 complete and 0 interrupted iterations
default   [  85% ] 148/150 VUs  11m51.0s/14m00.0s

running (11m52.0s), 148/150 VUs, 980074 complete and 0 interrupted iterations
default   [  85% ] 148/150 VUs  11m52.0s/14m00.0s

running (11m53.0s), 148/150 VUs, 980583 complete and 0 interrupted iterations
default   [  85% ] 148/150 VUs  11m53.0s/14m00.0s

running (11m54.0s), 148/150 VUs, 981079 complete and 0 interrupted iterations
default   [  85% ] 148/150 VUs  11m54.0s/14m00.0s

running (11m55.0s), 149/150 VUs, 981689 complete and 0 interrupted iterations
default   [  85% ] 149/150 VUs  11m55.0s/14m00.0s

running (11m56.0s), 149/150 VUs, 982284 complete and 0 interrupted iterations
default   [  85% ] 149/150 VUs  11m56.0s/14m00.0s

running (11m57.0s), 149/150 VUs, 982721 complete and 0 interrupted iterations
default   [  85% ] 149/150 VUs  11m57.0s/14m00.0s

running (11m58.0s), 149/150 VUs, 983288 complete and 0 interrupted iterations
default   [  85% ] 149/150 VUs  11m58.0s/14m00.0s

running (11m59.0s), 149/150 VUs, 983939 complete and 0 interrupted iterations
default   [  86% ] 149/150 VUs  11m59.0s/14m00.0s

running (12m00.0s), 149/150 VUs, 984692 complete and 0 interrupted iterations
default   [  86% ] 149/150 VUs  12m00.0s/14m00.0s

running (12m01.0s), 149/150 VUs, 986198 complete and 0 interrupted iterations
default   [  86% ] 149/150 VUs  12m01.0s/14m00.0s

running (12m02.0s), 149/150 VUs, 986859 complete and 0 interrupted iterations
default   [  86% ] 149/150 VUs  12m02.0s/14m00.0s

running (12m03.0s), 147/150 VUs, 987173 complete and 0 interrupted iterations
default   [  86% ] 147/150 VUs  12m03.0s/14m00.0s

running (12m04.0s), 146/150 VUs, 988040 complete and 0 interrupted iterations
default   [  86% ] 146/150 VUs  12m04.0s/14m00.0s

running (12m05.0s), 144/150 VUs, 988783 complete and 0 interrupted iterations
default   [  86% ] 144/150 VUs  12m05.0s/14m00.0s

running (12m06.0s), 143/150 VUs, 989417 complete and 0 interrupted iterations
default   [  86% ] 143/150 VUs  12m06.0s/14m00.0s

running (12m07.0s), 143/150 VUs, 990147 complete and 0 interrupted iterations
default   [  87% ] 143/150 VUs  12m07.0s/14m00.0s

running (12m08.0s), 141/150 VUs, 990610 complete and 0 interrupted iterations
default   [  87% ] 141/150 VUs  12m08.0s/14m00.0s

running (12m09.0s), 139/150 VUs, 991623 complete and 0 interrupted iterations
default   [  87% ] 139/150 VUs  12m09.0s/14m00.0s

running (12m10.0s), 139/150 VUs, 991718 complete and 0 interrupted iterations
default   [  87% ] 139/150 VUs  12m10.0s/14m00.0s

running (12m11.0s), 139/150 VUs, 991779 complete and 0 interrupted iterations
default   [  87% ] 139/150 VUs  12m11.0s/14m00.0s

running (12m12.0s), 136/150 VUs, 992592 complete and 0 interrupted iterations
default   [  87% ] 136/150 VUs  12m12.0s/14m00.0s

running (12m13.0s), 134/150 VUs, 994142 complete and 0 interrupted iterations
default   [  87% ] 134/150 VUs  12m13.0s/14m00.0s

running (12m14.0s), 133/150 VUs, 995204 complete and 0 interrupted iterations
default   [  87% ] 133/150 VUs  12m14.0s/14m00.0s

running (12m15.0s), 132/150 VUs, 995711 complete and 0 interrupted iterations
default   [  87% ] 132/150 VUs  12m15.0s/14m00.0s

running (12m16.0s), 131/150 VUs, 996226 complete and 0 interrupted iterations
default   [  88% ] 131/150 VUs  12m16.0s/14m00.0s

running (12m17.0s), 131/150 VUs, 996324 complete and 0 interrupted iterations
default   [  88% ] 131/150 VUs  12m17.0s/14m00.0s

running (12m18.0s), 131/150 VUs, 996440 complete and 0 interrupted iterations
default   [  88% ] 131/150 VUs  12m18.0s/14m00.0s

running (12m19.0s), 128/150 VUs, 996561 complete and 0 interrupted iterations
default   [  88% ] 128/150 VUs  12m19.0s/14m00.0s

running (12m20.0s), 126/150 VUs, 997805 complete and 0 interrupted iterations
default   [  88% ] 126/150 VUs  12m20.0s/14m00.0s

running (12m21.0s), 125/150 VUs, 998067 complete and 0 interrupted iterations
default   [  88% ] 125/150 VUs  12m21.0s/14m00.0s

running (12m22.0s), 125/150 VUs, 998100 complete and 0 interrupted iterations
default   [  88% ] 125/150 VUs  12m22.0s/14m00.0s

running (12m23.0s), 122/150 VUs, 998740 complete and 0 interrupted iterations
default   [  88% ] 122/150 VUs  12m23.0s/14m00.0s

running (12m24.0s), 121/150 VUs, 999843 complete and 0 interrupted iterations
default   [  89% ] 121/150 VUs  12m24.0s/14m00.0s

running (12m25.0s), 120/150 VUs, 1000255 complete and 0 interrupted iterations
default   [  89% ] 120/150 VUs  12m25.0s/14m00.0s

running (12m26.0s), 118/150 VUs, 1000992 complete and 0 interrupted iterations
default   [  89% ] 118/150 VUs  12m26.0s/14m00.0s

running (12m27.0s), 117/150 VUs, 1002117 complete and 0 interrupted iterations
default   [  89% ] 117/150 VUs  12m27.0s/14m00.0s

running (12m28.0s), 116/150 VUs, 1003483 complete and 0 interrupted iterations
default   [  89% ] 116/150 VUs  12m28.0s/14m00.0s

running (12m29.0s), 115/150 VUs, 1004305 complete and 0 interrupted iterations
default   [  89% ] 115/150 VUs  12m29.0s/14m00.0s

running (12m30.0s), 113/150 VUs, 1005876 complete and 0 interrupted iterations
default   [  89% ] 113/150 VUs  12m30.0s/14m00.0s

running (12m31.0s), 113/150 VUs, 1006401 complete and 0 interrupted iterations
default   [  89% ] 113/150 VUs  12m31.0s/14m00.0s

running (12m32.0s), 111/150 VUs, 1007478 complete and 0 interrupted iterations
default   [  90% ] 111/150 VUs  12m32.0s/14m00.0s

running (12m33.0s), 109/150 VUs, 1009811 complete and 0 interrupted iterations
default   [  90% ] 109/150 VUs  12m33.0s/14m00.0s

running (12m34.0s), 108/150 VUs, 1011776 complete and 0 interrupted iterations
default   [  90% ] 108/150 VUs  12m34.0s/14m00.0s

running (12m35.0s), 107/150 VUs, 1012982 complete and 0 interrupted iterations
default   [  90% ] 107/150 VUs  12m35.0s/14m00.0s

running (12m36.0s), 106/150 VUs, 1014820 complete and 0 interrupted iterations
default   [  90% ] 106/150 VUs  12m36.0s/14m00.0s

running (12m37.0s), 104/150 VUs, 1016324 complete and 0 interrupted iterations
default   [  90% ] 104/150 VUs  12m37.0s/14m00.0s

running (12m38.0s), 103/150 VUs, 1018112 complete and 0 interrupted iterations
default   [  90% ] 103/150 VUs  12m38.0s/14m00.0s

running (12m39.0s), 102/150 VUs, 1018471 complete and 0 interrupted iterations
default   [  90% ] 102/150 VUs  12m39.0s/14m00.0s

running (12m40.0s), 102/150 VUs, 1019493 complete and 0 interrupted iterations
default   [  90% ] 102/150 VUs  12m40.0s/14m00.0s

running (12m41.0s), 099/150 VUs, 1021480 complete and 0 interrupted iterations
default   [  91% ] 099/150 VUs  12m41.0s/14m00.0s

running (12m42.0s), 098/150 VUs, 1023275 complete and 0 interrupted iterations
default   [  91% ] 098/150 VUs  12m42.0s/14m00.0s

running (12m43.0s), 097/150 VUs, 1024425 complete and 0 interrupted iterations
default   [  91% ] 097/150 VUs  12m43.0s/14m00.0s

running (12m44.0s), 096/150 VUs, 1026109 complete and 0 interrupted iterations
default   [  91% ] 096/150 VUs  12m44.0s/14m00.0s

running (12m45.0s), 094/150 VUs, 1027624 complete and 0 interrupted iterations
default   [  91% ] 094/150 VUs  12m45.0s/14m00.0s

running (12m46.0s), 093/150 VUs, 1029209 complete and 0 interrupted iterations
default   [  91% ] 093/150 VUs  12m46.0s/14m00.0s

running (12m47.0s), 092/150 VUs, 1030968 complete and 0 interrupted iterations
default   [  91% ] 092/150 VUs  12m47.0s/14m00.0s

running (12m48.0s), 091/150 VUs, 1032719 complete and 0 interrupted iterations
default   [  91% ] 091/150 VUs  12m48.0s/14m00.0s

running (12m49.0s), 089/150 VUs, 1034332 complete and 0 interrupted iterations
default   [  92% ] 089/150 VUs  12m49.0s/14m00.0s

running (12m50.0s), 088/150 VUs, 1036149 complete and 0 interrupted iterations
default   [  92% ] 088/150 VUs  12m50.0s/14m00.0s

running (12m51.0s), 087/150 VUs, 1037512 complete and 0 interrupted iterations
default   [  92% ] 087/150 VUs  12m51.0s/14m00.0s

running (12m52.0s), 086/150 VUs, 1039146 complete and 0 interrupted iterations
default   [  92% ] 086/150 VUs  12m52.0s/14m00.0s

running (12m53.0s), 084/150 VUs, 1040980 complete and 0 interrupted iterations
default   [  92% ] 084/150 VUs  12m53.0s/14m00.0s

running (12m54.0s), 083/150 VUs, 1042422 complete and 0 interrupted iterations
default   [  92% ] 083/150 VUs  12m54.0s/14m00.0s

running (12m55.0s), 082/150 VUs, 1044142 complete and 0 interrupted iterations
default   [  92% ] 082/150 VUs  12m55.0s/14m00.0s

running (12m56.0s), 081/150 VUs, 1045869 complete and 0 interrupted iterations
default   [  92% ] 081/150 VUs  12m56.0s/14m00.0s

running (12m57.0s), 079/150 VUs, 1047772 complete and 0 interrupted iterations
default   [  92% ] 079/150 VUs  12m57.0s/14m00.0s

running (12m57.5s), 079/150 VUs, 1048296 complete and 0 interrupted iterations
default   [  93% ] 079/150 VUs  12m57.5s/14m00.0s

running (12m58.0s), 079/150 VUs, 1048348 complete and 0 interrupted iterations
default   [  93% ] 079/150 VUs  12m58.0s/14m00.0s

running (12m59.0s), 077/150 VUs, 1050024 complete and 0 interrupted iterations
default   [  93% ] 077/150 VUs  12m59.0s/14m00.0s

running (13m00.0s), 076/150 VUs, 1051689 complete and 0 interrupted iterations
default   [  93% ] 076/150 VUs  13m00.0s/14m00.0s

running (13m01.0s), 075/150 VUs, 1052654 complete and 0 interrupted iterations
default   [  93% ] 075/150 VUs  13m01.0s/14m00.0s

running (13m02.0s), 073/150 VUs, 1054407 complete and 0 interrupted iterations
default   [  93% ] 073/150 VUs  13m02.0s/14m00.0s

running (13m03.0s), 072/150 VUs, 1055697 complete and 0 interrupted iterations
default   [  93% ] 072/150 VUs  13m03.0s/14m00.0s

running (13m04.0s), 071/150 VUs, 1057412 complete and 0 interrupted iterations
default   [  93% ] 071/150 VUs  13m04.0s/14m00.0s

running (13m05.0s), 069/150 VUs, 1058741 complete and 0 interrupted iterations
default   [  93% ] 069/150 VUs  13m05.0s/14m00.0s

running (13m06.0s), 068/150 VUs, 1060475 complete and 0 interrupted iterations
default   [  94% ] 068/150 VUs  13m06.0s/14m00.0s

running (13m07.0s), 067/150 VUs, 1062312 complete and 0 interrupted iterations
default   [  94% ] 067/150 VUs  13m07.0s/14m00.0s

running (13m08.0s), 066/150 VUs, 1063981 complete and 0 interrupted iterations
default   [  94% ] 066/150 VUs  13m08.0s/14m00.0s

running (13m09.0s), 064/150 VUs, 1065658 complete and 0 interrupted iterations
default   [  94% ] 064/150 VUs  13m09.0s/14m00.0s

running (13m10.0s), 063/150 VUs, 1067067 complete and 0 interrupted iterations
default   [  94% ] 063/150 VUs  13m10.0s/14m00.0s

running (13m11.0s), 062/150 VUs, 1068940 complete and 0 interrupted iterations
default   [  94% ] 062/150 VUs  13m11.0s/14m00.0s

running (13m12.0s), 061/150 VUs, 1070561 complete and 0 interrupted iterations
default   [  94% ] 061/150 VUs  13m12.0s/14m00.0s

running (13m13.0s), 059/150 VUs, 1072159 complete and 0 interrupted iterations
default   [  94% ] 059/150 VUs  13m13.0s/14m00.0s

running (13m14.0s), 058/150 VUs, 1073896 complete and 0 interrupted iterations
default   [  95% ] 058/150 VUs  13m14.0s/14m00.0s

running (13m15.0s), 057/150 VUs, 1075558 complete and 0 interrupted iterations
default   [  95% ] 057/150 VUs  13m15.0s/14m00.0s

running (13m16.0s), 056/150 VUs, 1077086 complete and 0 interrupted iterations
default   [  95% ] 056/150 VUs  13m16.0s/14m00.0s

running (13m17.0s), 054/150 VUs, 1078197 complete and 0 interrupted iterations
default   [  95% ] 054/150 VUs  13m17.0s/14m00.0s

running (13m18.0s), 053/150 VUs, 1080075 complete and 0 interrupted iterations
default   [  95% ] 053/150 VUs  13m18.0s/14m00.0s

running (13m19.0s), 052/150 VUs, 1081584 complete and 0 interrupted iterations
default   [  95% ] 052/150 VUs  13m19.0s/14m00.0s

running (13m20.0s), 051/150 VUs, 1083270 complete and 0 interrupted iterations
default   [  95% ] 051/150 VUs  13m20.0s/14m00.0s

running (13m21.0s), 049/150 VUs, 1084611 complete and 0 interrupted iterations
default   [  95% ] 049/150 VUs  13m21.0s/14m00.0s

running (13m22.0s), 048/150 VUs, 1085604 complete and 0 interrupted iterations
default   [  95% ] 048/150 VUs  13m22.0s/14m00.0s

running (13m23.0s), 047/150 VUs, 1086592 complete and 0 interrupted iterations
default   [  96% ] 047/150 VUs  13m23.0s/14m00.0s

running (13m24.0s), 046/150 VUs, 1087890 complete and 0 interrupted iterations
default   [  96% ] 046/150 VUs  13m24.0s/14m00.0s

running (13m25.0s), 044/150 VUs, 1089342 complete and 0 interrupted iterations
default   [  96% ] 044/150 VUs  13m25.0s/14m00.0s

running (13m26.0s), 043/150 VUs, 1090760 complete and 0 interrupted iterations
default   [  96% ] 043/150 VUs  13m26.0s/14m00.0s

running (13m27.0s), 042/150 VUs, 1091691 complete and 0 interrupted iterations
default   [  96% ] 042/150 VUs  13m27.0s/14m00.0s

running (13m28.0s), 041/150 VUs, 1093272 complete and 0 interrupted iterations
default   [  96% ] 041/150 VUs  13m28.0s/14m00.0s

running (13m29.0s), 039/150 VUs, 1094702 complete and 0 interrupted iterations
default   [  96% ] 039/150 VUs  13m29.0s/14m00.0s

running (13m30.0s), 038/150 VUs, 1096071 complete and 0 interrupted iterations
default   [  96% ] 038/150 VUs  13m30.0s/14m00.0s

running (13m31.0s), 037/150 VUs, 1097108 complete and 0 interrupted iterations
default   [  97% ] 037/150 VUs  13m31.0s/14m00.0s

running (13m32.0s), 036/150 VUs, 1098393 complete and 0 interrupted iterations
default   [  97% ] 036/150 VUs  13m32.0s/14m00.0s

running (13m33.0s), 034/150 VUs, 1099496 complete and 0 interrupted iterations
default   [  97% ] 034/150 VUs  13m33.0s/14m00.0s

running (13m34.0s), 033/150 VUs, 1100616 complete and 0 interrupted iterations
default   [  97% ] 033/150 VUs  13m34.0s/14m00.0s

running (13m35.0s), 032/150 VUs, 1101827 complete and 0 interrupted iterations
default   [  97% ] 032/150 VUs  13m35.0s/14m00.0s

running (13m36.0s), 031/150 VUs, 1102918 complete and 0 interrupted iterations
default   [  97% ] 031/150 VUs  13m36.0s/14m00.0s

running (13m37.0s), 029/150 VUs, 1103655 complete and 0 interrupted iterations
default   [  97% ] 029/150 VUs  13m37.0s/14m00.0s

running (13m38.0s), 028/150 VUs, 1104927 complete and 0 interrupted iterations
default   [  97% ] 028/150 VUs  13m38.0s/14m00.0s

running (13m39.0s), 027/150 VUs, 1106037 complete and 0 interrupted iterations
default   [  97% ] 027/150 VUs  13m39.0s/14m00.0s

running (13m40.0s), 026/150 VUs, 1106804 complete and 0 interrupted iterations
default   [  98% ] 026/150 VUs  13m40.0s/14m00.0s

running (13m41.0s), 024/150 VUs, 1107573 complete and 0 interrupted iterations
default   [  98% ] 024/150 VUs  13m41.0s/14m00.0s

running (13m42.0s), 023/150 VUs, 1107920 complete and 0 interrupted iterations
default   [  98% ] 023/150 VUs  13m42.0s/14m00.0s

running (13m43.0s), 022/150 VUs, 1108310 complete and 0 interrupted iterations
default   [  98% ] 022/150 VUs  13m43.0s/14m00.0s

running (13m44.0s), 021/150 VUs, 1108524 complete and 0 interrupted iterations
default   [  98% ] 021/150 VUs  13m44.0s/14m00.0s

running (13m45.0s), 020/150 VUs, 1108700 complete and 0 interrupted iterations
default   [  98% ] 020/150 VUs  13m45.0s/14m00.0s

running (13m46.0s), 018/150 VUs, 1108932 complete and 0 interrupted iterations
default   [  98% ] 018/150 VUs  13m46.0s/14m00.0s

running (13m47.0s), 017/150 VUs, 1109097 complete and 0 interrupted iterations
default   [  98% ] 017/150 VUs  13m47.0s/14m00.0s

running (13m48.0s), 016/150 VUs, 1109415 complete and 0 interrupted iterations
default   [  99% ] 016/150 VUs  13m48.0s/14m00.0s

running (13m49.0s), 014/150 VUs, 1109661 complete and 0 interrupted iterations
default   [  99% ] 014/150 VUs  13m49.0s/14m00.0s

running (13m50.0s), 013/150 VUs, 1109844 complete and 0 interrupted iterations
default   [  99% ] 013/150 VUs  13m50.0s/14m00.0s

running (13m51.0s), 012/150 VUs, 1110117 complete and 0 interrupted iterations
default   [  99% ] 012/150 VUs  13m51.0s/14m00.0s

running (13m52.0s), 011/150 VUs, 1110448 complete and 0 interrupted iterations
default   [  99% ] 011/150 VUs  13m52.0s/14m00.0s

running (13m53.0s), 009/150 VUs, 1110546 complete and 0 interrupted iterations
default   [  99% ] 009/150 VUs  13m53.0s/14m00.0s

running (13m54.0s), 008/150 VUs, 1110647 complete and 0 interrupted iterations
default   [  99% ] 008/150 VUs  13m54.0s/14m00.0s

running (13m55.0s), 007/150 VUs, 1110739 complete and 0 interrupted iterations
default   [  99% ] 007/150 VUs  13m55.0s/14m00.0s

running (13m56.0s), 006/150 VUs, 1110784 complete and 0 interrupted iterations
default   [ 100% ] 006/150 VUs  13m56.0s/14m00.0s

running (13m57.0s), 005/150 VUs, 1110887 complete and 0 interrupted iterations
default   [ 100% ] 005/150 VUs  13m57.0s/14m00.0s

running (13m58.0s), 003/150 VUs, 1110943 complete and 0 interrupted iterations
default   [ 100% ] 003/150 VUs  13m58.0s/14m00.0s

running (13m59.0s), 002/150 VUs, 1110983 complete and 0 interrupted iterations
default   [ 100% ] 002/150 VUs  13m59.0s/14m00.0s

running (14m00.0s), 001/150 VUs, 1111000 complete and 0 interrupted iterations
default   [ 100% ] 001/150 VUs  14m00.0s/14m00.0s
time="2026-05-01T14:39:06+03:00" level=info msg="\n=== СВОДКА BASELINE ===" source=console
time="2026-05-01T14:39:06+03:00" level=info msg="Всего запросов: 1111003" source=console
time="2026-05-01T14:39:06+03:00" level=info msg="RPS: 1322.2" source=console
time="2026-05-01T14:39:06+03:00" level=info msg="Ошибок: 0.00%" source=console
time="2026-05-01T14:39:06+03:00" level=info msg="p95: 273.8ms" source=console
time="2026-05-01T14:39:06+03:00" level=info msg="p99: 398.8ms" source=console

running (14m00.3s), 000/150 VUs, 1111003 complete and 0 interrupted iterations
default ✓ [ 100% ] 000/150 VUs  14m0s
