
         /\      Grafana   /‾‾/  
    /\  /  \     |\  __   /  /   
   /  \/    \    | |/ /  /   ‾‾\ 
  /          \   |   (  |  (‾)  |
 / __________ \  |_|\_\  \_____/ 


     execution: local
        script: k6/loadtest/stress.js
        output: -

     scenarios: (100.00%) 1 scenario, 150 max VUs, 14m30s max duration (incl. graceful stop):
              * default: Up to 150 looping VUs for 14m0s over 4 stages (gracefulRampDown: 30s, gracefulStop: 30s)


running (00m01.0s), 001/150 VUs, 123 complete and 0 interrupted iterations
default   [   0% ] 001/150 VUs  00m01.0s/14m00.0s

running (00m02.0s), 001/150 VUs, 245 complete and 0 interrupted iterations
default   [   0% ] 001/150 VUs  00m02.0s/14m00.0s

running (00m03.0s), 002/150 VUs, 398 complete and 0 interrupted iterations
default   [   0% ] 002/150 VUs  00m03.0s/14m00.0s

running (00m04.0s), 002/150 VUs, 637 complete and 0 interrupted iterations
default   [   0% ] 002/150 VUs  00m04.0s/14m00.0s

running (00m05.0s), 003/150 VUs, 876 complete and 0 interrupted iterations
default   [   1% ] 003/150 VUs  00m05.0s/14m00.0s

running (00m06.0s), 003/150 VUs, 1237 complete and 0 interrupted iterations
default   [   1% ] 003/150 VUs  00m06.0s/14m00.0s

running (00m07.0s), 003/150 VUs, 1482 complete and 0 interrupted iterations
default   [   1% ] 003/150 VUs  00m07.0s/14m00.0s

running (00m08.0s), 004/150 VUs, 1735 complete and 0 interrupted iterations
default   [   1% ] 004/150 VUs  00m08.0s/14m00.0s

running (00m09.0s), 004/150 VUs, 2168 complete and 0 interrupted iterations
default   [   1% ] 004/150 VUs  00m09.0s/14m00.0s

running (00m10.0s), 005/150 VUs, 2673 complete and 0 interrupted iterations
default   [   1% ] 005/150 VUs  00m10.0s/14m00.0s

running (00m11.0s), 005/150 VUs, 3279 complete and 0 interrupted iterations
default   [   1% ] 005/150 VUs  00m11.0s/14m00.0s

running (00m12.0s), 005/150 VUs, 3719 complete and 0 interrupted iterations
default   [   1% ] 005/150 VUs  00m12.0s/14m00.0s

running (00m13.0s), 006/150 VUs, 4352 complete and 0 interrupted iterations
default   [   2% ] 006/150 VUs  00m13.0s/14m00.0s

running (00m14.0s), 006/150 VUs, 5029 complete and 0 interrupted iterations
default   [   2% ] 006/150 VUs  00m14.0s/14m00.0s

running (00m15.0s), 007/150 VUs, 5613 complete and 0 interrupted iterations
default   [   2% ] 007/150 VUs  00m15.0s/14m00.0s

running (00m16.0s), 007/150 VUs, 6226 complete and 0 interrupted iterations
default   [   2% ] 007/150 VUs  00m16.0s/14m00.0s

running (00m17.0s), 007/150 VUs, 6860 complete and 0 interrupted iterations
default   [   2% ] 007/150 VUs  00m17.0s/14m00.0s

running (00m18.0s), 008/150 VUs, 7659 complete and 0 interrupted iterations
default   [   2% ] 008/150 VUs  00m18.0s/14m00.0s

running (00m19.0s), 008/150 VUs, 8488 complete and 0 interrupted iterations
default   [   2% ] 008/150 VUs  00m19.0s/14m00.0s

running (00m20.0s), 009/150 VUs, 9238 complete and 0 interrupted iterations
default   [   2% ] 009/150 VUs  00m20.0s/14m00.0s

running (00m21.0s), 009/150 VUs, 9962 complete and 0 interrupted iterations
default   [   2% ] 009/150 VUs  00m21.0s/14m00.0s

running (00m22.0s), 009/150 VUs, 10708 complete and 0 interrupted iterations
default   [   3% ] 009/150 VUs  00m22.0s/14m00.0s

running (00m23.0s), 010/150 VUs, 11561 complete and 0 interrupted iterations
default   [   3% ] 010/150 VUs  00m23.0s/14m00.0s

running (00m24.0s), 010/150 VUs, 12141 complete and 0 interrupted iterations
default   [   3% ] 010/150 VUs  00m24.0s/14m00.0s

running (00m25.0s), 011/150 VUs, 12880 complete and 0 interrupted iterations
default   [   3% ] 011/150 VUs  00m25.0s/14m00.0s

running (00m26.0s), 011/150 VUs, 13396 complete and 0 interrupted iterations
default   [   3% ] 011/150 VUs  00m26.0s/14m00.0s

running (00m27.0s), 012/150 VUs, 14276 complete and 0 interrupted iterations
default   [   3% ] 012/150 VUs  00m27.0s/14m00.0s

running (00m28.0s), 012/150 VUs, 15150 complete and 0 interrupted iterations
default   [   3% ] 012/150 VUs  00m28.0s/14m00.0s

running (00m29.0s), 012/150 VUs, 15974 complete and 0 interrupted iterations
default   [   3% ] 012/150 VUs  00m29.0s/14m00.0s

running (00m30.0s), 013/150 VUs, 16868 complete and 0 interrupted iterations
default   [   4% ] 013/150 VUs  00m30.0s/14m00.0s

running (00m31.0s), 013/150 VUs, 17718 complete and 0 interrupted iterations
default   [   4% ] 013/150 VUs  00m31.0s/14m00.0s

running (00m32.0s), 014/150 VUs, 18576 complete and 0 interrupted iterations
default   [   4% ] 014/150 VUs  00m32.0s/14m00.0s

running (00m33.0s), 014/150 VUs, 19440 complete and 0 interrupted iterations
default   [   4% ] 014/150 VUs  00m33.0s/14m00.0s

running (00m34.0s), 014/150 VUs, 20069 complete and 0 interrupted iterations
default   [   4% ] 014/150 VUs  00m34.0s/14m00.0s

running (00m35.0s), 015/150 VUs, 20975 complete and 0 interrupted iterations
default   [   4% ] 015/150 VUs  00m35.0s/14m00.0s

running (00m36.0s), 015/150 VUs, 21807 complete and 0 interrupted iterations
default   [   4% ] 015/150 VUs  00m36.0s/14m00.0s

running (00m37.0s), 016/150 VUs, 22796 complete and 0 interrupted iterations
default   [   4% ] 016/150 VUs  00m37.0s/14m00.0s

running (00m38.0s), 016/150 VUs, 23547 complete and 0 interrupted iterations
default   [   5% ] 016/150 VUs  00m38.0s/14m00.0s

running (00m39.0s), 016/150 VUs, 24447 complete and 0 interrupted iterations
default   [   5% ] 016/150 VUs  00m39.0s/14m00.0s

running (00m40.0s), 017/150 VUs, 25305 complete and 0 interrupted iterations
default   [   5% ] 017/150 VUs  00m40.0s/14m00.0s

running (00m41.0s), 017/150 VUs, 26179 complete and 0 interrupted iterations
default   [   5% ] 017/150 VUs  00m41.0s/14m00.0s

running (00m42.0s), 018/150 VUs, 26990 complete and 0 interrupted iterations
default   [   5% ] 018/150 VUs  00m42.0s/14m00.0s

running (00m43.0s), 018/150 VUs, 27981 complete and 0 interrupted iterations
default   [   5% ] 018/150 VUs  00m43.0s/14m00.0s

running (00m44.0s), 018/150 VUs, 28799 complete and 0 interrupted iterations
default   [   5% ] 018/150 VUs  00m44.0s/14m00.0s

running (00m45.0s), 019/150 VUs, 29790 complete and 0 interrupted iterations
default   [   5% ] 019/150 VUs  00m45.0s/14m00.0s

running (00m46.0s), 019/150 VUs, 30543 complete and 0 interrupted iterations
default   [   5% ] 019/150 VUs  00m46.0s/14m00.0s

running (00m47.0s), 020/150 VUs, 31551 complete and 0 interrupted iterations
default   [   6% ] 020/150 VUs  00m47.0s/14m00.0s

running (00m48.0s), 020/150 VUs, 32330 complete and 0 interrupted iterations
default   [   6% ] 020/150 VUs  00m48.0s/14m00.0s

running (00m49.0s), 021/150 VUs, 33247 complete and 0 interrupted iterations
default   [   6% ] 021/150 VUs  00m49.0s/14m00.0s

running (00m50.0s), 021/150 VUs, 34009 complete and 0 interrupted iterations
default   [   6% ] 021/150 VUs  00m50.0s/14m00.0s

running (00m51.0s), 021/150 VUs, 34999 complete and 0 interrupted iterations
default   [   6% ] 021/150 VUs  00m51.0s/14m00.0s

running (00m52.0s), 022/150 VUs, 36083 complete and 0 interrupted iterations
default   [   6% ] 022/150 VUs  00m52.0s/14m00.0s

running (00m53.0s), 022/150 VUs, 36957 complete and 0 interrupted iterations
default   [   6% ] 022/150 VUs  00m53.0s/14m00.0s

running (00m54.0s), 023/150 VUs, 37861 complete and 0 interrupted iterations
default   [   6% ] 023/150 VUs  00m54.0s/14m00.0s

running (00m55.0s), 023/150 VUs, 38866 complete and 0 interrupted iterations
default   [   7% ] 023/150 VUs  00m55.0s/14m00.0s

running (00m56.0s), 023/150 VUs, 39721 complete and 0 interrupted iterations
default   [   7% ] 023/150 VUs  00m56.0s/14m00.0s

running (00m57.0s), 024/150 VUs, 40798 complete and 0 interrupted iterations
default   [   7% ] 024/150 VUs  00m57.0s/14m00.0s

running (00m58.0s), 024/150 VUs, 41727 complete and 0 interrupted iterations
default   [   7% ] 024/150 VUs  00m58.0s/14m00.0s

running (00m59.0s), 025/150 VUs, 42667 complete and 0 interrupted iterations
default   [   7% ] 025/150 VUs  00m59.0s/14m00.0s

running (01m00.0s), 025/150 VUs, 43593 complete and 0 interrupted iterations
default   [   7% ] 025/150 VUs  01m00.0s/14m00.0s

running (01m01.0s), 025/150 VUs, 44593 complete and 0 interrupted iterations
default   [   7% ] 025/150 VUs  01m01.0s/14m00.0s

running (01m02.0s), 026/150 VUs, 45343 complete and 0 interrupted iterations
default   [   7% ] 026/150 VUs  01m02.0s/14m00.0s

running (01m03.0s), 026/150 VUs, 46340 complete and 0 interrupted iterations
default   [   7% ] 026/150 VUs  01m03.0s/14m00.0s

running (01m04.0s), 027/150 VUs, 47537 complete and 0 interrupted iterations
default   [   8% ] 027/150 VUs  01m04.0s/14m00.0s

running (01m05.0s), 027/150 VUs, 48552 complete and 0 interrupted iterations
default   [   8% ] 027/150 VUs  01m05.0s/14m00.0s

running (01m06.0s), 027/150 VUs, 49369 complete and 0 interrupted iterations
default   [   8% ] 027/150 VUs  01m06.0s/14m00.0s

running (01m07.0s), 028/150 VUs, 50150 complete and 0 interrupted iterations
default   [   8% ] 028/150 VUs  01m07.0s/14m00.0s

running (01m08.0s), 028/150 VUs, 51436 complete and 0 interrupted iterations
default   [   8% ] 028/150 VUs  01m08.0s/14m00.0s

running (01m09.0s), 029/150 VUs, 52438 complete and 0 interrupted iterations
default   [   8% ] 029/150 VUs  01m09.0s/14m00.0s

running (01m10.0s), 029/150 VUs, 53501 complete and 0 interrupted iterations
default   [   8% ] 029/150 VUs  01m10.0s/14m00.0s

running (01m11.0s), 029/150 VUs, 54609 complete and 0 interrupted iterations
default   [   8% ] 029/150 VUs  01m11.0s/14m00.0s

running (01m12.0s), 030/150 VUs, 55784 complete and 0 interrupted iterations
default   [   9% ] 030/150 VUs  01m12.0s/14m00.0s

running (01m13.0s), 030/150 VUs, 57029 complete and 0 interrupted iterations
default   [   9% ] 030/150 VUs  01m13.0s/14m00.0s

running (01m14.0s), 031/150 VUs, 58017 complete and 0 interrupted iterations
default   [   9% ] 031/150 VUs  01m14.0s/14m00.0s

running (01m15.0s), 031/150 VUs, 58989 complete and 0 interrupted iterations
default   [   9% ] 031/150 VUs  01m15.0s/14m00.0s

running (01m16.0s), 032/150 VUs, 59920 complete and 0 interrupted iterations
default   [   9% ] 032/150 VUs  01m16.0s/14m00.0s

running (01m17.0s), 032/150 VUs, 61247 complete and 0 interrupted iterations
default   [   9% ] 032/150 VUs  01m17.0s/14m00.0s

running (01m18.0s), 032/150 VUs, 62424 complete and 0 interrupted iterations
default   [   9% ] 032/150 VUs  01m18.0s/14m00.0s

running (01m19.0s), 033/150 VUs, 63539 complete and 0 interrupted iterations
default   [   9% ] 033/150 VUs  01m19.0s/14m00.0s

running (01m20.0s), 033/150 VUs, 64809 complete and 0 interrupted iterations
default   [  10% ] 033/150 VUs  01m20.0s/14m00.0s

running (01m21.0s), 034/150 VUs, 66085 complete and 0 interrupted iterations
default   [  10% ] 034/150 VUs  01m21.0s/14m00.0s

running (01m22.0s), 034/150 VUs, 67297 complete and 0 interrupted iterations
default   [  10% ] 034/150 VUs  01m22.0s/14m00.0s

running (01m23.0s), 034/150 VUs, 68323 complete and 0 interrupted iterations
default   [  10% ] 034/150 VUs  01m23.0s/14m00.0s

running (01m24.0s), 035/150 VUs, 69504 complete and 0 interrupted iterations
default   [  10% ] 035/150 VUs  01m24.0s/14m00.0s

running (01m25.0s), 035/150 VUs, 70694 complete and 0 interrupted iterations
default   [  10% ] 035/150 VUs  01m25.0s/14m00.0s

running (01m26.0s), 036/150 VUs, 71969 complete and 0 interrupted iterations
default   [  10% ] 036/150 VUs  01m26.0s/14m00.0s

running (01m27.0s), 036/150 VUs, 72873 complete and 0 interrupted iterations
default   [  10% ] 036/150 VUs  01m27.0s/14m00.0s

running (01m28.0s), 036/150 VUs, 73642 complete and 0 interrupted iterations
default   [  10% ] 036/150 VUs  01m28.0s/14m00.0s

running (01m29.0s), 037/150 VUs, 74838 complete and 0 interrupted iterations
default   [  11% ] 037/150 VUs  01m29.0s/14m00.0s

running (01m30.0s), 037/150 VUs, 76286 complete and 0 interrupted iterations
default   [  11% ] 037/150 VUs  01m30.0s/14m00.0s

running (01m31.0s), 038/150 VUs, 77593 complete and 0 interrupted iterations
default   [  11% ] 038/150 VUs  01m31.0s/14m00.0s

running (01m32.0s), 038/150 VUs, 78775 complete and 0 interrupted iterations
default   [  11% ] 038/150 VUs  01m32.0s/14m00.0s

running (01m33.0s), 038/150 VUs, 80065 complete and 0 interrupted iterations
default   [  11% ] 038/150 VUs  01m33.0s/14m00.0s

running (01m34.0s), 039/150 VUs, 81290 complete and 0 interrupted iterations
default   [  11% ] 039/150 VUs  01m34.0s/14m00.0s

running (01m35.0s), 039/150 VUs, 82703 complete and 0 interrupted iterations
default   [  11% ] 039/150 VUs  01m35.0s/14m00.0s

running (01m36.0s), 040/150 VUs, 83697 complete and 0 interrupted iterations
default   [  11% ] 040/150 VUs  01m36.0s/14m00.0s

running (01m37.0s), 040/150 VUs, 84859 complete and 0 interrupted iterations
default   [  12% ] 040/150 VUs  01m37.0s/14m00.0s

running (01m38.0s), 041/150 VUs, 85919 complete and 0 interrupted iterations
default   [  12% ] 041/150 VUs  01m38.0s/14m00.0s

running (01m39.0s), 041/150 VUs, 87338 complete and 0 interrupted iterations
default   [  12% ] 041/150 VUs  01m39.0s/14m00.0s

running (01m40.0s), 041/150 VUs, 88646 complete and 0 interrupted iterations
default   [  12% ] 041/150 VUs  01m40.0s/14m00.0s

running (01m41.0s), 042/150 VUs, 89965 complete and 0 interrupted iterations
default   [  12% ] 042/150 VUs  01m41.0s/14m00.0s

running (01m42.0s), 042/150 VUs, 91307 complete and 0 interrupted iterations
default   [  12% ] 042/150 VUs  01m42.0s/14m00.0s

running (01m43.0s), 043/150 VUs, 92792 complete and 0 interrupted iterations
default   [  12% ] 043/150 VUs  01m43.0s/14m00.0s

running (01m44.0s), 043/150 VUs, 94287 complete and 0 interrupted iterations
default   [  12% ] 043/150 VUs  01m44.0s/14m00.0s

running (01m45.0s), 043/150 VUs, 95796 complete and 0 interrupted iterations
default   [  12% ] 043/150 VUs  01m45.0s/14m00.0s

running (01m46.0s), 044/150 VUs, 97128 complete and 0 interrupted iterations
default   [  13% ] 044/150 VUs  01m46.0s/14m00.0s

running (01m47.0s), 044/150 VUs, 98160 complete and 0 interrupted iterations
default   [  13% ] 044/150 VUs  01m47.0s/14m00.0s

running (01m48.0s), 045/150 VUs, 99324 complete and 0 interrupted iterations
default   [  13% ] 045/150 VUs  01m48.0s/14m00.0s

running (01m49.0s), 045/150 VUs, 100403 complete and 0 interrupted iterations
default   [  13% ] 045/150 VUs  01m49.0s/14m00.0s

running (01m50.0s), 045/150 VUs, 101694 complete and 0 interrupted iterations
default   [  13% ] 045/150 VUs  01m50.0s/14m00.0s

running (01m51.0s), 046/150 VUs, 102887 complete and 0 interrupted iterations
default   [  13% ] 046/150 VUs  01m51.0s/14m00.0s

running (01m52.0s), 046/150 VUs, 104240 complete and 0 interrupted iterations
default   [  13% ] 046/150 VUs  01m52.0s/14m00.0s

running (01m53.0s), 047/150 VUs, 105430 complete and 0 interrupted iterations
default   [  13% ] 047/150 VUs  01m53.0s/14m00.0s

running (01m54.0s), 047/150 VUs, 106497 complete and 0 interrupted iterations
default   [  14% ] 047/150 VUs  01m54.0s/14m00.0s

running (01m55.0s), 047/150 VUs, 107730 complete and 0 interrupted iterations
default   [  14% ] 047/150 VUs  01m55.0s/14m00.0s

running (01m56.0s), 048/150 VUs, 109091 complete and 0 interrupted iterations
default   [  14% ] 048/150 VUs  01m56.0s/14m00.0s

running (01m57.0s), 048/150 VUs, 110464 complete and 0 interrupted iterations
default   [  14% ] 048/150 VUs  01m57.0s/14m00.0s

running (01m58.0s), 049/150 VUs, 111977 complete and 0 interrupted iterations
default   [  14% ] 049/150 VUs  01m58.0s/14m00.0s

running (01m59.0s), 049/150 VUs, 113461 complete and 0 interrupted iterations
default   [  14% ] 049/150 VUs  01m59.0s/14m00.0s

running (02m00.0s), 049/150 VUs, 114654 complete and 0 interrupted iterations
default   [  14% ] 049/150 VUs  02m00.0s/14m00.0s

running (02m01.0s), 050/150 VUs, 116008 complete and 0 interrupted iterations
default   [  14% ] 050/150 VUs  02m01.0s/14m00.0s

running (02m02.0s), 050/150 VUs, 117427 complete and 0 interrupted iterations
default   [  15% ] 050/150 VUs  02m02.0s/14m00.0s

running (02m03.0s), 050/150 VUs, 118652 complete and 0 interrupted iterations
default   [  15% ] 050/150 VUs  02m03.0s/14m00.0s

running (02m04.0s), 050/150 VUs, 120314 complete and 0 interrupted iterations
default   [  15% ] 050/150 VUs  02m04.0s/14m00.0s

running (02m05.0s), 050/150 VUs, 121525 complete and 0 interrupted iterations
default   [  15% ] 050/150 VUs  02m05.0s/14m00.0s

running (02m06.0s), 050/150 VUs, 122894 complete and 0 interrupted iterations
default   [  15% ] 050/150 VUs  02m06.0s/14m00.0s

running (02m07.0s), 051/150 VUs, 123774 complete and 0 interrupted iterations
default   [  15% ] 051/150 VUs  02m07.0s/14m00.0s

running (02m08.0s), 051/150 VUs, 124913 complete and 0 interrupted iterations
default   [  15% ] 051/150 VUs  02m08.0s/14m00.0s

running (02m09.0s), 051/150 VUs, 125593 complete and 0 interrupted iterations
default   [  15% ] 051/150 VUs  02m09.0s/14m00.0s

running (02m10.0s), 051/150 VUs, 126987 complete and 0 interrupted iterations
default   [  15% ] 051/150 VUs  02m10.0s/14m00.0s

running (02m11.0s), 051/150 VUs, 128185 complete and 0 interrupted iterations
default   [  16% ] 051/150 VUs  02m11.0s/14m00.0s

running (02m12.0s), 051/150 VUs, 129678 complete and 0 interrupted iterations
default   [  16% ] 051/150 VUs  02m12.0s/14m00.0s

running (02m13.0s), 052/150 VUs, 131133 complete and 0 interrupted iterations
default   [  16% ] 052/150 VUs  02m13.0s/14m00.0s

running (02m14.0s), 052/150 VUs, 131690 complete and 0 interrupted iterations
default   [  16% ] 052/150 VUs  02m14.0s/14m00.0s

running (02m15.0s), 052/150 VUs, 133149 complete and 0 interrupted iterations
default   [  16% ] 052/150 VUs  02m15.0s/14m00.0s

running (02m16.0s), 052/150 VUs, 134657 complete and 0 interrupted iterations
default   [  16% ] 052/150 VUs  02m16.0s/14m00.0s

running (02m17.0s), 052/150 VUs, 135668 complete and 0 interrupted iterations
default   [  16% ] 052/150 VUs  02m17.0s/14m00.0s

running (02m18.0s), 052/150 VUs, 137164 complete and 0 interrupted iterations
default   [  16% ] 052/150 VUs  02m18.0s/14m00.0s

running (02m19.0s), 053/150 VUs, 138525 complete and 0 interrupted iterations
default   [  17% ] 053/150 VUs  02m19.0s/14m00.0s

running (02m20.0s), 053/150 VUs, 140007 complete and 0 interrupted iterations
default   [  17% ] 053/150 VUs  02m20.0s/14m00.0s

running (02m21.0s), 053/150 VUs, 141041 complete and 0 interrupted iterations
default   [  17% ] 053/150 VUs  02m21.0s/14m00.0s

running (02m22.0s), 053/150 VUs, 142776 complete and 0 interrupted iterations
default   [  17% ] 053/150 VUs  02m22.0s/14m00.0s

running (02m23.0s), 053/150 VUs, 143647 complete and 0 interrupted iterations
default   [  17% ] 053/150 VUs  02m23.0s/14m00.0s

running (02m24.0s), 053/150 VUs, 145229 complete and 0 interrupted iterations
default   [  17% ] 053/150 VUs  02m24.0s/14m00.0s

running (02m25.0s), 054/150 VUs, 146627 complete and 0 interrupted iterations
default   [  17% ] 054/150 VUs  02m25.0s/14m00.0s

running (02m26.0s), 054/150 VUs, 148084 complete and 0 interrupted iterations
default   [  17% ] 054/150 VUs  02m26.0s/14m00.0s

running (02m27.0s), 054/150 VUs, 149264 complete and 0 interrupted iterations
default   [  17% ] 054/150 VUs  02m27.0s/14m00.0s

running (02m28.0s), 054/150 VUs, 150872 complete and 0 interrupted iterations
default   [  18% ] 054/150 VUs  02m28.0s/14m00.0s

running (02m29.0s), 054/150 VUs, 151920 complete and 0 interrupted iterations
default   [  18% ] 054/150 VUs  02m29.0s/14m00.0s

running (02m30.0s), 054/150 VUs, 153357 complete and 0 interrupted iterations
default   [  18% ] 054/150 VUs  02m30.0s/14m00.0s

running (02m31.0s), 055/150 VUs, 154716 complete and 0 interrupted iterations
default   [  18% ] 055/150 VUs  02m31.0s/14m00.0s

running (02m32.0s), 055/150 VUs, 156137 complete and 0 interrupted iterations
default   [  18% ] 055/150 VUs  02m32.0s/14m00.0s

running (02m33.0s), 055/150 VUs, 157541 complete and 0 interrupted iterations
default   [  18% ] 055/150 VUs  02m33.0s/14m00.0s

running (02m34.0s), 055/150 VUs, 158873 complete and 0 interrupted iterations
default   [  18% ] 055/150 VUs  02m34.0s/14m00.0s

running (02m35.0s), 055/150 VUs, 159595 complete and 0 interrupted iterations
default   [  18% ] 055/150 VUs  02m35.0s/14m00.0s

running (02m36.0s), 055/150 VUs, 161088 complete and 0 interrupted iterations
default   [  19% ] 055/150 VUs  02m36.0s/14m00.0s

running (02m37.0s), 056/150 VUs, 162383 complete and 0 interrupted iterations
default   [  19% ] 056/150 VUs  02m37.0s/14m00.0s

running (02m38.0s), 056/150 VUs, 163185 complete and 0 interrupted iterations
default   [  19% ] 056/150 VUs  02m38.0s/14m00.0s

running (02m39.0s), 056/150 VUs, 164580 complete and 0 interrupted iterations
default   [  19% ] 056/150 VUs  02m39.0s/14m00.0s

running (02m40.0s), 056/150 VUs, 165478 complete and 0 interrupted iterations
default   [  19% ] 056/150 VUs  02m40.0s/14m00.0s

running (02m41.0s), 056/150 VUs, 167249 complete and 0 interrupted iterations
default   [  19% ] 056/150 VUs  02m41.0s/14m00.0s

running (02m42.0s), 056/150 VUs, 168597 complete and 0 interrupted iterations
default   [  19% ] 056/150 VUs  02m42.0s/14m00.0s

running (02m43.0s), 057/150 VUs, 170199 complete and 0 interrupted iterations
default   [  19% ] 057/150 VUs  02m43.0s/14m00.0s

running (02m44.0s), 057/150 VUs, 171555 complete and 0 interrupted iterations
default   [  20% ] 057/150 VUs  02m44.0s/14m00.0s

running (02m45.0s), 057/150 VUs, 173044 complete and 0 interrupted iterations
default   [  20% ] 057/150 VUs  02m45.0s/14m00.0s

running (02m46.0s), 057/150 VUs, 173862 complete and 0 interrupted iterations
default   [  20% ] 057/150 VUs  02m46.0s/14m00.0s

running (02m47.0s), 057/150 VUs, 175210 complete and 0 interrupted iterations
default   [  20% ] 057/150 VUs  02m47.0s/14m00.0s

running (02m48.0s), 057/150 VUs, 176401 complete and 0 interrupted iterations
default   [  20% ] 057/150 VUs  02m48.0s/14m00.0s

running (02m49.0s), 058/150 VUs, 177881 complete and 0 interrupted iterations
default   [  20% ] 058/150 VUs  02m49.0s/14m00.0s

running (02m50.0s), 058/150 VUs, 179451 complete and 0 interrupted iterations
default   [  20% ] 058/150 VUs  02m50.0s/14m00.0s

running (02m51.0s), 058/150 VUs, 180751 complete and 0 interrupted iterations
default   [  20% ] 058/150 VUs  02m51.0s/14m00.0s

running (02m52.0s), 058/150 VUs, 182038 complete and 0 interrupted iterations
default   [  20% ] 058/150 VUs  02m52.0s/14m00.0s

running (02m53.0s), 058/150 VUs, 183532 complete and 0 interrupted iterations
default   [  21% ] 058/150 VUs  02m53.0s/14m00.0s

running (02m54.0s), 058/150 VUs, 184884 complete and 0 interrupted iterations
default   [  21% ] 058/150 VUs  02m54.0s/14m00.0s

running (02m55.0s), 059/150 VUs, 186350 complete and 0 interrupted iterations
default   [  21% ] 059/150 VUs  02m55.0s/14m00.0s

running (02m56.0s), 059/150 VUs, 187686 complete and 0 interrupted iterations
default   [  21% ] 059/150 VUs  02m56.0s/14m00.0s

running (02m57.0s), 059/150 VUs, 189212 complete and 0 interrupted iterations
default   [  21% ] 059/150 VUs  02m57.0s/14m00.0s

running (02m58.0s), 059/150 VUs, 190618 complete and 0 interrupted iterations
default   [  21% ] 059/150 VUs  02m58.0s/14m00.0s

running (02m59.0s), 059/150 VUs, 191918 complete and 0 interrupted iterations
default   [  21% ] 059/150 VUs  02m59.0s/14m00.0s

running (03m00.0s), 059/150 VUs, 192721 complete and 0 interrupted iterations
default   [  21% ] 059/150 VUs  03m00.0s/14m00.0s

running (03m01.0s), 060/150 VUs, 194686 complete and 0 interrupted iterations
default   [  22% ] 060/150 VUs  03m01.0s/14m00.0s

running (03m02.0s), 060/150 VUs, 195950 complete and 0 interrupted iterations
default   [  22% ] 060/150 VUs  03m02.0s/14m00.0s

running (03m03.0s), 060/150 VUs, 197196 complete and 0 interrupted iterations
default   [  22% ] 060/150 VUs  03m03.0s/14m00.0s

running (03m04.0s), 060/150 VUs, 198235 complete and 0 interrupted iterations
default   [  22% ] 060/150 VUs  03m04.0s/14m00.0s

running (03m05.0s), 060/150 VUs, 199680 complete and 0 interrupted iterations
default   [  22% ] 060/150 VUs  03m05.0s/14m00.0s

running (03m06.0s), 060/150 VUs, 201114 complete and 0 interrupted iterations
default   [  22% ] 060/150 VUs  03m06.0s/14m00.0s

running (03m07.0s), 061/150 VUs, 202207 complete and 0 interrupted iterations
default   [  22% ] 061/150 VUs  03m07.0s/14m00.0s

running (03m08.0s), 061/150 VUs, 203669 complete and 0 interrupted iterations
default   [  22% ] 061/150 VUs  03m08.0s/14m00.0s

running (03m09.0s), 061/150 VUs, 204895 complete and 0 interrupted iterations
default   [  22% ] 061/150 VUs  03m09.0s/14m00.0s

running (03m10.0s), 061/150 VUs, 206185 complete and 0 interrupted iterations
default   [  23% ] 061/150 VUs  03m10.0s/14m00.0s

running (03m11.0s), 061/150 VUs, 207674 complete and 0 interrupted iterations
default   [  23% ] 061/150 VUs  03m11.0s/14m00.0s

running (03m12.0s), 061/150 VUs, 208940 complete and 0 interrupted iterations
default   [  23% ] 061/150 VUs  03m12.0s/14m00.0s

running (03m13.0s), 062/150 VUs, 208940 complete and 0 interrupted iterations
default   [  23% ] 062/150 VUs  03m13.0s/14m00.0s

running (03m14.0s), 062/150 VUs, 210898 complete and 0 interrupted iterations
default   [  23% ] 062/150 VUs  03m14.0s/14m00.0s

running (03m15.0s), 062/150 VUs, 212083 complete and 0 interrupted iterations
default   [  23% ] 062/150 VUs  03m15.0s/14m00.0s

running (03m16.0s), 062/150 VUs, 213350 complete and 0 interrupted iterations
default   [  23% ] 062/150 VUs  03m16.0s/14m00.0s

running (03m17.0s), 062/150 VUs, 214751 complete and 0 interrupted iterations
default   [  23% ] 062/150 VUs  03m17.0s/14m00.0s

running (03m18.0s), 062/150 VUs, 216024 complete and 0 interrupted iterations
default   [  24% ] 062/150 VUs  03m18.0s/14m00.0s

running (03m19.0s), 063/150 VUs, 217640 complete and 0 interrupted iterations
default   [  24% ] 063/150 VUs  03m19.0s/14m00.0s

running (03m20.0s), 063/150 VUs, 217640 complete and 0 interrupted iterations
default   [  24% ] 063/150 VUs  03m20.0s/14m00.0s

running (03m21.0s), 063/150 VUs, 217640 complete and 0 interrupted iterations
default   [  24% ] 063/150 VUs  03m21.0s/14m00.0s

running (03m22.0s), 063/150 VUs, 217640 complete and 0 interrupted iterations
default   [  24% ] 063/150 VUs  03m22.0s/14m00.0s

running (03m23.0s), 063/150 VUs, 217797 complete and 0 interrupted iterations
default   [  24% ] 063/150 VUs  03m23.0s/14m00.0s

running (03m24.0s), 063/150 VUs, 218980 complete and 0 interrupted iterations
default   [  24% ] 063/150 VUs  03m24.0s/14m00.0s

running (03m25.0s), 064/150 VUs, 219779 complete and 0 interrupted iterations
default   [  24% ] 064/150 VUs  03m25.0s/14m00.0s

running (03m26.0s), 064/150 VUs, 220367 complete and 0 interrupted iterations
default   [  25% ] 064/150 VUs  03m26.0s/14m00.0s

running (03m27.0s), 064/150 VUs, 221832 complete and 0 interrupted iterations
default   [  25% ] 064/150 VUs  03m27.0s/14m00.0s

running (03m28.0s), 064/150 VUs, 223126 complete and 0 interrupted iterations
default   [  25% ] 064/150 VUs  03m28.0s/14m00.0s

running (03m29.0s), 064/150 VUs, 224533 complete and 0 interrupted iterations
default   [  25% ] 064/150 VUs  03m29.0s/14m00.0s

running (03m30.0s), 064/150 VUs, 225990 complete and 0 interrupted iterations
default   [  25% ] 064/150 VUs  03m30.0s/14m00.0s

running (03m31.0s), 065/150 VUs, 227286 complete and 0 interrupted iterations
default   [  25% ] 065/150 VUs  03m31.0s/14m00.0s

running (03m32.0s), 065/150 VUs, 228968 complete and 0 interrupted iterations
default   [  25% ] 065/150 VUs  03m32.0s/14m00.0s

running (03m33.0s), 065/150 VUs, 230348 complete and 0 interrupted iterations
default   [  25% ] 065/150 VUs  03m33.0s/14m00.0s

running (03m34.0s), 065/150 VUs, 231839 complete and 0 interrupted iterations
default   [  25% ] 065/150 VUs  03m34.0s/14m00.0s

running (03m35.0s), 065/150 VUs, 233399 complete and 0 interrupted iterations
default   [  26% ] 065/150 VUs  03m35.0s/14m00.0s

running (03m36.0s), 065/150 VUs, 234735 complete and 0 interrupted iterations
default   [  26% ] 065/150 VUs  03m36.0s/14m00.0s

running (03m37.0s), 066/150 VUs, 236204 complete and 0 interrupted iterations
default   [  26% ] 066/150 VUs  03m37.0s/14m00.0s

running (03m38.0s), 066/150 VUs, 237488 complete and 0 interrupted iterations
default   [  26% ] 066/150 VUs  03m38.0s/14m00.0s

running (03m39.0s), 066/150 VUs, 238435 complete and 0 interrupted iterations
default   [  26% ] 066/150 VUs  03m39.0s/14m00.0s

running (03m40.0s), 066/150 VUs, 240029 complete and 0 interrupted iterations
default   [  26% ] 066/150 VUs  03m40.0s/14m00.0s

running (03m41.0s), 066/150 VUs, 241266 complete and 0 interrupted iterations
default   [  26% ] 066/150 VUs  03m41.0s/14m00.0s

running (03m42.0s), 066/150 VUs, 242472 complete and 0 interrupted iterations
default   [  26% ] 066/150 VUs  03m42.0s/14m00.0s

running (03m43.0s), 067/150 VUs, 243984 complete and 0 interrupted iterations
default   [  27% ] 067/150 VUs  03m43.0s/14m00.0s

running (03m44.0s), 067/150 VUs, 244972 complete and 0 interrupted iterations
default   [  27% ] 067/150 VUs  03m44.0s/14m00.0s

running (03m45.0s), 067/150 VUs, 246774 complete and 0 interrupted iterations
default   [  27% ] 067/150 VUs  03m45.0s/14m00.0s

running (03m46.0s), 067/150 VUs, 248069 complete and 0 interrupted iterations
default   [  27% ] 067/150 VUs  03m46.0s/14m00.0s

running (03m47.0s), 067/150 VUs, 249616 complete and 0 interrupted iterations
default   [  27% ] 067/150 VUs  03m47.0s/14m00.0s

running (03m48.0s), 067/150 VUs, 250969 complete and 0 interrupted iterations
default   [  27% ] 067/150 VUs  03m48.0s/14m00.0s

running (03m49.0s), 068/150 VUs, 252378 complete and 0 interrupted iterations
default   [  27% ] 068/150 VUs  03m49.0s/14m00.0s

running (03m50.0s), 068/150 VUs, 253780 complete and 0 interrupted iterations
default   [  27% ] 068/150 VUs  03m50.0s/14m00.0s

running (03m51.0s), 068/150 VUs, 255182 complete and 0 interrupted iterations
default   [  27% ] 068/150 VUs  03m51.0s/14m00.0s

running (03m52.0s), 068/150 VUs, 256558 complete and 0 interrupted iterations
default   [  28% ] 068/150 VUs  03m52.0s/14m00.0s

running (03m53.0s), 068/150 VUs, 258124 complete and 0 interrupted iterations
default   [  28% ] 068/150 VUs  03m53.0s/14m00.0s

running (03m54.0s), 068/150 VUs, 259363 complete and 0 interrupted iterations
default   [  28% ] 068/150 VUs  03m54.0s/14m00.0s

running (03m55.0s), 069/150 VUs, 261070 complete and 0 interrupted iterations
default   [  28% ] 069/150 VUs  03m55.0s/14m00.0s

running (03m56.0s), 069/150 VUs, 261787 complete and 0 interrupted iterations
default   [  28% ] 069/150 VUs  03m56.0s/14m00.0s

running (03m57.0s), 069/150 VUs, 261787 complete and 0 interrupted iterations
default   [  28% ] 069/150 VUs  03m57.0s/14m00.0s

running (03m58.0s), 069/150 VUs, 261977 complete and 0 interrupted iterations
default   [  28% ] 069/150 VUs  03m58.0s/14m00.0s

running (03m59.0s), 069/150 VUs, 263409 complete and 0 interrupted iterations
default   [  28% ] 069/150 VUs  03m59.0s/14m00.0s

running (04m00.0s), 069/150 VUs, 265036 complete and 0 interrupted iterations
default   [  29% ] 069/150 VUs  04m00.0s/14m00.0s

running (04m01.0s), 070/150 VUs, 266483 complete and 0 interrupted iterations
default   [  29% ] 070/150 VUs  04m01.0s/14m00.0s

running (04m02.0s), 070/150 VUs, 267206 complete and 0 interrupted iterations
default   [  29% ] 070/150 VUs  04m02.0s/14m00.0s

running (04m03.0s), 070/150 VUs, 268432 complete and 0 interrupted iterations
default   [  29% ] 070/150 VUs  04m03.0s/14m00.0s

running (04m04.0s), 070/150 VUs, 269900 complete and 0 interrupted iterations
default   [  29% ] 070/150 VUs  04m04.0s/14m00.0s

running (04m05.0s), 070/150 VUs, 271416 complete and 0 interrupted iterations
default   [  29% ] 070/150 VUs  04m05.0s/14m00.0s

running (04m06.0s), 070/150 VUs, 272960 complete and 0 interrupted iterations
default   [  29% ] 070/150 VUs  04m06.0s/14m00.0s

running (04m07.0s), 071/150 VUs, 274630 complete and 0 interrupted iterations
default   [  29% ] 071/150 VUs  04m07.0s/14m00.0s

running (04m08.0s), 071/150 VUs, 276300 complete and 0 interrupted iterations
default   [  30% ] 071/150 VUs  04m08.0s/14m00.0s

running (04m09.0s), 071/150 VUs, 277751 complete and 0 interrupted iterations
default   [  30% ] 071/150 VUs  04m09.0s/14m00.0s

running (04m10.0s), 071/150 VUs, 279192 complete and 0 interrupted iterations
default   [  30% ] 071/150 VUs  04m10.0s/14m00.0s

running (04m11.0s), 071/150 VUs, 280718 complete and 0 interrupted iterations
default   [  30% ] 071/150 VUs  04m11.0s/14m00.0s

running (04m12.0s), 071/150 VUs, 281861 complete and 0 interrupted iterations
default   [  30% ] 071/150 VUs  04m12.0s/14m00.0s

running (04m13.0s), 072/150 VUs, 283406 complete and 0 interrupted iterations
default   [  30% ] 072/150 VUs  04m13.0s/14m00.0s

running (04m14.0s), 072/150 VUs, 284921 complete and 0 interrupted iterations
default   [  30% ] 072/150 VUs  04m14.0s/14m00.0s

running (04m15.0s), 072/150 VUs, 286274 complete and 0 interrupted iterations
default   [  30% ] 072/150 VUs  04m15.0s/14m00.0s

running (04m16.0s), 072/150 VUs, 287649 complete and 0 interrupted iterations
default   [  30% ] 072/150 VUs  04m16.0s/14m00.0s

running (04m17.0s), 072/150 VUs, 289103 complete and 0 interrupted iterations
default   [  31% ] 072/150 VUs  04m17.0s/14m00.0s

running (04m18.0s), 072/150 VUs, 289182 complete and 0 interrupted iterations
default   [  31% ] 072/150 VUs  04m18.0s/14m00.0s

running (04m19.0s), 073/150 VUs, 289182 complete and 0 interrupted iterations
default   [  31% ] 073/150 VUs  04m19.0s/14m00.0s

running (04m20.0s), 073/150 VUs, 290311 complete and 0 interrupted iterations
default   [  31% ] 073/150 VUs  04m20.0s/14m00.0s

running (04m21.0s), 073/150 VUs, 291684 complete and 0 interrupted iterations
default   [  31% ] 073/150 VUs  04m21.0s/14m00.0s

running (04m22.0s), 073/150 VUs, 292871 complete and 0 interrupted iterations
default   [  31% ] 073/150 VUs  04m22.0s/14m00.0s

running (04m23.0s), 073/150 VUs, 294243 complete and 0 interrupted iterations
default   [  31% ] 073/150 VUs  04m23.0s/14m00.0s

running (04m24.0s), 073/150 VUs, 295643 complete and 0 interrupted iterations
default   [  31% ] 073/150 VUs  04m24.0s/14m00.0s

running (04m25.0s), 074/150 VUs, 295652 complete and 0 interrupted iterations
default   [  32% ] 074/150 VUs  04m25.0s/14m00.0s

running (04m26.0s), 074/150 VUs, 295675 complete and 0 interrupted iterations
default   [  32% ] 074/150 VUs  04m26.0s/14m00.0s

running (04m27.0s), 074/150 VUs, 297406 complete and 0 interrupted iterations
default   [  32% ] 074/150 VUs  04m27.0s/14m00.0s

running (04m28.0s), 074/150 VUs, 299270 complete and 0 interrupted iterations
default   [  32% ] 074/150 VUs  04m28.0s/14m00.0s

running (04m29.0s), 074/150 VUs, 299397 complete and 0 interrupted iterations
default   [  32% ] 074/150 VUs  04m29.0s/14m00.0s

running (04m30.0s), 074/150 VUs, 301430 complete and 0 interrupted iterations
default   [  32% ] 074/150 VUs  04m30.0s/14m00.0s

running (04m31.0s), 075/150 VUs, 302503 complete and 0 interrupted iterations
default   [  32% ] 075/150 VUs  04m31.0s/14m00.0s

running (04m32.0s), 075/150 VUs, 302503 complete and 0 interrupted iterations
default   [  32% ] 075/150 VUs  04m32.0s/14m00.0s

running (04m33.0s), 075/150 VUs, 302503 complete and 0 interrupted iterations
default   [  32% ] 075/150 VUs  04m33.0s/14m00.0s

running (04m34.0s), 075/150 VUs, 302505 complete and 0 interrupted iterations
default   [  33% ] 075/150 VUs  04m34.0s/14m00.0s

running (04m35.0s), 075/150 VUs, 302634 complete and 0 interrupted iterations
default   [  33% ] 075/150 VUs  04m35.0s/14m00.0s

running (04m36.0s), 075/150 VUs, 303256 complete and 0 interrupted iterations
default   [  33% ] 075/150 VUs  04m36.0s/14m00.0s

running (04m37.0s), 076/150 VUs, 305441 complete and 0 interrupted iterations
default   [  33% ] 076/150 VUs  04m37.0s/14m00.0s

running (04m38.0s), 076/150 VUs, 305995 complete and 0 interrupted iterations
default   [  33% ] 076/150 VUs  04m38.0s/14m00.0s

running (04m39.0s), 076/150 VUs, 307077 complete and 0 interrupted iterations
default   [  33% ] 076/150 VUs  04m39.0s/14m00.0s

running (04m40.0s), 076/150 VUs, 308608 complete and 0 interrupted iterations
default   [  33% ] 076/150 VUs  04m40.0s/14m00.0s

running (04m41.0s), 076/150 VUs, 310134 complete and 0 interrupted iterations
default   [  33% ] 076/150 VUs  04m41.0s/14m00.0s

running (04m42.0s), 076/150 VUs, 311591 complete and 0 interrupted iterations
default   [  34% ] 076/150 VUs  04m42.0s/14m00.0s

running (04m43.0s), 077/150 VUs, 312313 complete and 0 interrupted iterations
default   [  34% ] 077/150 VUs  04m43.0s/14m00.0s

running (04m44.0s), 077/150 VUs, 312346 complete and 0 interrupted iterations
default   [  34% ] 077/150 VUs  04m44.0s/14m00.0s

running (04m45.0s), 077/150 VUs, 312519 complete and 0 interrupted iterations
default   [  34% ] 077/150 VUs  04m45.0s/14m00.0s

running (04m46.0s), 077/150 VUs, 314477 complete and 0 interrupted iterations
default   [  34% ] 077/150 VUs  04m46.0s/14m00.0s

running (04m47.0s), 077/150 VUs, 315662 complete and 0 interrupted iterations
default   [  34% ] 077/150 VUs  04m47.0s/14m00.0s

running (04m48.0s), 077/150 VUs, 315688 complete and 0 interrupted iterations
default   [  34% ] 077/150 VUs  04m48.0s/14m00.0s

running (04m49.0s), 078/150 VUs, 316851 complete and 0 interrupted iterations
default   [  34% ] 078/150 VUs  04m49.0s/14m00.0s

running (04m50.0s), 078/150 VUs, 318401 complete and 0 interrupted iterations
default   [  35% ] 078/150 VUs  04m50.0s/14m00.0s

running (04m51.0s), 078/150 VUs, 319553 complete and 0 interrupted iterations
default   [  35% ] 078/150 VUs  04m51.0s/14m00.0s

running (04m52.0s), 078/150 VUs, 319570 complete and 0 interrupted iterations
default   [  35% ] 078/150 VUs  04m52.0s/14m00.0s

running (04m53.0s), 078/150 VUs, 319733 complete and 0 interrupted iterations
default   [  35% ] 078/150 VUs  04m53.0s/14m00.0s

running (04m54.0s), 078/150 VUs, 319802 complete and 0 interrupted iterations
default   [  35% ] 078/150 VUs  04m54.0s/14m00.0s

running (04m55.0s), 079/150 VUs, 320014 complete and 0 interrupted iterations
default   [  35% ] 079/150 VUs  04m55.0s/14m00.0s

running (04m56.0s), 079/150 VUs, 320184 complete and 0 interrupted iterations
default   [  35% ] 079/150 VUs  04m56.0s/14m00.0s

running (04m57.0s), 079/150 VUs, 320629 complete and 0 interrupted iterations
default   [  35% ] 079/150 VUs  04m57.0s/14m00.0s

running (04m58.0s), 079/150 VUs, 321075 complete and 0 interrupted iterations
default   [  35% ] 079/150 VUs  04m58.0s/14m00.0s

running (04m59.0s), 079/150 VUs, 322721 complete and 0 interrupted iterations
default   [  36% ] 079/150 VUs  04m59.0s/14m00.0s

running (05m00.0s), 079/150 VUs, 324464 complete and 0 interrupted iterations
default   [  36% ] 079/150 VUs  05m00.0s/14m00.0s

running (05m01.0s), 080/150 VUs, 325514 complete and 0 interrupted iterations
default   [  36% ] 080/150 VUs  05m01.0s/14m00.0s

running (05m02.0s), 080/150 VUs, 325514 complete and 0 interrupted iterations
default   [  36% ] 080/150 VUs  05m02.0s/14m00.0s

running (05m03.0s), 080/150 VUs, 325514 complete and 0 interrupted iterations
default   [  36% ] 080/150 VUs  05m03.0s/14m00.0s

running (05m04.0s), 080/150 VUs, 325715 complete and 0 interrupted iterations
default   [  36% ] 080/150 VUs  05m04.0s/14m00.0s

running (05m05.0s), 080/150 VUs, 327437 complete and 0 interrupted iterations
default   [  36% ] 080/150 VUs  05m05.0s/14m00.0s

running (05m06.0s), 080/150 VUs, 329579 complete and 0 interrupted iterations
default   [  36% ] 080/150 VUs  05m06.0s/14m00.0s

running (05m07.0s), 081/150 VUs, 331020 complete and 0 interrupted iterations
default   [  37% ] 081/150 VUs  05m07.0s/14m00.0s

running (05m08.0s), 081/150 VUs, 332814 complete and 0 interrupted iterations
default   [  37% ] 081/150 VUs  05m08.0s/14m00.0s

running (05m09.0s), 081/150 VUs, 333711 complete and 0 interrupted iterations
default   [  37% ] 081/150 VUs  05m09.0s/14m00.0s

running (05m10.0s), 081/150 VUs, 333711 complete and 0 interrupted iterations
default   [  37% ] 081/150 VUs  05m10.0s/14m00.0s

running (05m11.0s), 081/150 VUs, 334632 complete and 0 interrupted iterations
default   [  37% ] 081/150 VUs  05m11.0s/14m00.0s

running (05m12.0s), 081/150 VUs, 336690 complete and 0 interrupted iterations
default   [  37% ] 081/150 VUs  05m12.0s/14m00.0s

running (05m13.0s), 082/150 VUs, 336818 complete and 0 interrupted iterations
default   [  37% ] 082/150 VUs  05m13.0s/14m00.0s

running (05m14.0s), 082/150 VUs, 338230 complete and 0 interrupted iterations
default   [  37% ] 082/150 VUs  05m14.0s/14m00.0s

running (05m15.0s), 082/150 VUs, 339683 complete and 0 interrupted iterations
default   [  37% ] 082/150 VUs  05m15.0s/14m00.0s

running (05m16.0s), 082/150 VUs, 339694 complete and 0 interrupted iterations
default   [  38% ] 082/150 VUs  05m16.0s/14m00.0s
time="2026-05-01T15:35:40+03:00" level=warning msg="Request Failed" error="Post \"http://178.236.25.152/api/v1/orders\": request timeout"

running (05m17.0s), 082/150 VUs, 340846 complete and 0 interrupted iterations
default   [  38% ] 082/150 VUs  05m17.0s/14m00.0s

running (05m18.0s), 082/150 VUs, 342821 complete and 0 interrupted iterations
default   [  38% ] 082/150 VUs  05m18.0s/14m00.0s

running (05m19.0s), 083/150 VUs, 344226 complete and 0 interrupted iterations
default   [  38% ] 083/150 VUs  05m19.0s/14m00.0s

running (05m20.0s), 083/150 VUs, 345417 complete and 0 interrupted iterations
default   [  38% ] 083/150 VUs  05m20.0s/14m00.0s

running (05m21.0s), 083/150 VUs, 346968 complete and 0 interrupted iterations
default   [  38% ] 083/150 VUs  05m21.0s/14m00.0s

running (05m22.0s), 083/150 VUs, 346968 complete and 0 interrupted iterations
default   [  38% ] 083/150 VUs  05m22.0s/14m00.0s

running (05m23.0s), 083/150 VUs, 346968 complete and 0 interrupted iterations
default   [  38% ] 083/150 VUs  05m23.0s/14m00.0s

running (05m24.0s), 083/150 VUs, 346968 complete and 0 interrupted iterations
default   [  39% ] 083/150 VUs  05m24.0s/14m00.0s

running (05m25.0s), 084/150 VUs, 346968 complete and 0 interrupted iterations
default   [  39% ] 084/150 VUs  05m25.0s/14m00.0s

running (05m26.0s), 084/150 VUs, 346968 complete and 0 interrupted iterations
default   [  39% ] 084/150 VUs  05m26.0s/14m00.0s

running (05m27.0s), 084/150 VUs, 346968 complete and 0 interrupted iterations
default   [  39% ] 084/150 VUs  05m27.0s/14m00.0s
time="2026-05-01T15:35:50+03:00" level=warning msg="Request Failed" error="Get \"http://178.236.25.152/api/v1/restaurants/a0000000-0000-0000-0000-000000000001/menu\": dial tcp 178.236.25.152:80: connect: no route to host"

running (05m28.0s), 084/150 VUs, 346969 complete and 0 interrupted iterations
default   [  39% ] 084/150 VUs  05m28.0s/14m00.0s

running (05m29.0s), 084/150 VUs, 346969 complete and 0 interrupted iterations
default   [  39% ] 084/150 VUs  05m29.0s/14m00.0s

running (05m30.0s), 084/150 VUs, 348066 complete and 0 interrupted iterations
default   [  39% ] 084/150 VUs  05m30.0s/14m00.0s
time="2026-05-01T15:35:54+03:00" level=warning msg="Request Failed" error="Post \"http://178.236.25.152/api/v1/orders\": request timeout"

running (05m31.0s), 085/150 VUs, 349490 complete and 0 interrupted iterations
default   [  39% ] 085/150 VUs  05m31.0s/14m00.0s

running (05m32.0s), 085/150 VUs, 350785 complete and 0 interrupted iterations
default   [  40% ] 085/150 VUs  05m32.0s/14m00.0s

running (05m33.0s), 085/150 VUs, 352054 complete and 0 interrupted iterations
default   [  40% ] 085/150 VUs  05m33.0s/14m00.0s

running (05m34.0s), 085/150 VUs, 352923 complete and 0 interrupted iterations
default   [  40% ] 085/150 VUs  05m34.0s/14m00.0s

running (05m35.0s), 085/150 VUs, 354205 complete and 0 interrupted iterations
default   [  40% ] 085/150 VUs  05m35.0s/14m00.0s

running (05m36.0s), 085/150 VUs, 354422 complete and 0 interrupted iterations
default   [  40% ] 085/150 VUs  05m36.0s/14m00.0s

running (05m37.0s), 086/150 VUs, 354444 complete and 0 interrupted iterations
default   [  40% ] 086/150 VUs  05m37.0s/14m00.0s

running (05m38.0s), 086/150 VUs, 354597 complete and 0 interrupted iterations
default   [  40% ] 086/150 VUs  05m38.0s/14m00.0s

running (05m39.0s), 086/150 VUs, 354662 complete and 0 interrupted iterations
default   [  40% ] 086/150 VUs  05m39.0s/14m00.0s

running (05m40.0s), 086/150 VUs, 354999 complete and 0 interrupted iterations
default   [  40% ] 086/150 VUs  05m40.0s/14m00.0s

running (05m41.0s), 086/150 VUs, 355513 complete and 0 interrupted iterations
default   [  41% ] 086/150 VUs  05m41.0s/14m00.0s

running (05m42.0s), 086/150 VUs, 355960 complete and 0 interrupted iterations
default   [  41% ] 086/150 VUs  05m42.0s/14m00.0s

running (05m43.0s), 087/150 VUs, 356671 complete and 0 interrupted iterations
default   [  41% ] 087/150 VUs  05m43.0s/14m00.0s

running (05m44.0s), 087/150 VUs, 358748 complete and 0 interrupted iterations
default   [  41% ] 087/150 VUs  05m44.0s/14m00.0s

running (05m45.0s), 087/150 VUs, 360008 complete and 0 interrupted iterations
default   [  41% ] 087/150 VUs  05m45.0s/14m00.0s

running (05m46.0s), 087/150 VUs, 361140 complete and 0 interrupted iterations
default   [  41% ] 087/150 VUs  05m46.0s/14m00.0s

running (05m47.0s), 087/150 VUs, 362222 complete and 0 interrupted iterations
default   [  41% ] 087/150 VUs  05m47.0s/14m00.0s

running (05m48.0s), 087/150 VUs, 363623 complete and 0 interrupted iterations
default   [  41% ] 087/150 VUs  05m48.0s/14m00.0s

running (05m49.0s), 088/150 VUs, 364902 complete and 0 interrupted iterations
default   [  42% ] 088/150 VUs  05m49.0s/14m00.0s

running (05m50.0s), 088/150 VUs, 366313 complete and 0 interrupted iterations
default   [  42% ] 088/150 VUs  05m50.0s/14m00.0s

running (05m51.0s), 088/150 VUs, 366482 complete and 0 interrupted iterations
default   [  42% ] 088/150 VUs  05m51.0s/14m00.0s

running (05m52.0s), 088/150 VUs, 367718 complete and 0 interrupted iterations
default   [  42% ] 088/150 VUs  05m52.0s/14m00.0s

running (05m53.0s), 088/150 VUs, 369680 complete and 0 interrupted iterations
default   [  42% ] 088/150 VUs  05m53.0s/14m00.0s

running (05m54.0s), 088/150 VUs, 370721 complete and 0 interrupted iterations
default   [  42% ] 088/150 VUs  05m54.0s/14m00.0s

running (05m55.0s), 089/150 VUs, 370765 complete and 0 interrupted iterations
default   [  42% ] 089/150 VUs  05m55.0s/14m00.0s

running (05m56.0s), 089/150 VUs, 370849 complete and 0 interrupted iterations
default   [  42% ] 089/150 VUs  05m56.0s/14m00.0s

running (05m57.0s), 089/150 VUs, 370920 complete and 0 interrupted iterations
default   [  42% ] 089/150 VUs  05m57.0s/14m00.0s

running (05m58.0s), 089/150 VUs, 371143 complete and 0 interrupted iterations
default   [  43% ] 089/150 VUs  05m58.0s/14m00.0s

running (05m59.0s), 089/150 VUs, 371513 complete and 0 interrupted iterations
default   [  43% ] 089/150 VUs  05m59.0s/14m00.0s

running (06m00.0s), 089/150 VUs, 371760 complete and 0 interrupted iterations
default   [  43% ] 089/150 VUs  06m00.0s/14m00.0s

running (06m01.0s), 090/150 VUs, 372439 complete and 0 interrupted iterations
default   [  43% ] 090/150 VUs  06m01.0s/14m00.0s

running (06m02.0s), 090/150 VUs, 374685 complete and 0 interrupted iterations
default   [  43% ] 090/150 VUs  06m02.0s/14m00.0s

running (06m03.0s), 090/150 VUs, 376104 complete and 0 interrupted iterations
default   [  43% ] 090/150 VUs  06m03.0s/14m00.0s

running (06m04.0s), 090/150 VUs, 376220 complete and 0 interrupted iterations
default   [  43% ] 090/150 VUs  06m04.0s/14m00.0s

running (06m05.0s), 090/150 VUs, 378087 complete and 0 interrupted iterations
default   [  43% ] 090/150 VUs  06m05.0s/14m00.0s

running (06m06.0s), 090/150 VUs, 379706 complete and 0 interrupted iterations
default   [  44% ] 090/150 VUs  06m06.0s/14m00.0s

running (06m07.0s), 091/150 VUs, 380937 complete and 0 interrupted iterations
default   [  44% ] 091/150 VUs  06m07.0s/14m00.0s

running (06m08.0s), 091/150 VUs, 382036 complete and 0 interrupted iterations
default   [  44% ] 091/150 VUs  06m08.0s/14m00.0s

running (06m09.0s), 091/150 VUs, 383543 complete and 0 interrupted iterations
default   [  44% ] 091/150 VUs  06m09.0s/14m00.0s

running (06m10.0s), 091/150 VUs, 384847 complete and 0 interrupted iterations
default   [  44% ] 091/150 VUs  06m10.0s/14m00.0s

running (06m11.0s), 091/150 VUs, 386292 complete and 0 interrupted iterations
default   [  44% ] 091/150 VUs  06m11.0s/14m00.0s

running (06m12.0s), 091/150 VUs, 387639 complete and 0 interrupted iterations
default   [  44% ] 091/150 VUs  06m12.0s/14m00.0s

running (06m13.0s), 092/150 VUs, 388860 complete and 0 interrupted iterations
default   [  44% ] 092/150 VUs  06m13.0s/14m00.0s

running (06m14.0s), 092/150 VUs, 390318 complete and 0 interrupted iterations
default   [  45% ] 092/150 VUs  06m14.0s/14m00.0s

running (06m15.0s), 092/150 VUs, 391836 complete and 0 interrupted iterations
default   [  45% ] 092/150 VUs  06m15.0s/14m00.0s

running (06m16.0s), 092/150 VUs, 392203 complete and 0 interrupted iterations
default   [  45% ] 092/150 VUs  06m16.0s/14m00.0s

running (06m17.0s), 092/150 VUs, 392203 complete and 0 interrupted iterations
default   [  45% ] 092/150 VUs  06m17.0s/14m00.0s

running (06m18.0s), 092/150 VUs, 392203 complete and 0 interrupted iterations
default   [  45% ] 092/150 VUs  06m18.0s/14m00.0s

running (06m19.0s), 093/150 VUs, 392216 complete and 0 interrupted iterations
default   [  45% ] 093/150 VUs  06m19.0s/14m00.0s

running (06m20.0s), 093/150 VUs, 393991 complete and 0 interrupted iterations
default   [  45% ] 093/150 VUs  06m20.0s/14m00.0s
time="2026-05-01T15:36:44+03:00" level=warning msg="Request Failed" error="Post \"http://178.236.25.152/api/v1/orders\": request timeout"

running (06m21.0s), 093/150 VUs, 395703 complete and 0 interrupted iterations
default   [  45% ] 093/150 VUs  06m21.0s/14m00.0s

running (06m22.0s), 093/150 VUs, 396948 complete and 0 interrupted iterations
default   [  45% ] 093/150 VUs  06m22.0s/14m00.0s

running (06m23.0s), 093/150 VUs, 398355 complete and 0 interrupted iterations
default   [  46% ] 093/150 VUs  06m23.0s/14m00.0s

running (06m24.0s), 093/150 VUs, 399619 complete and 0 interrupted iterations
default   [  46% ] 093/150 VUs  06m24.0s/14m00.0s

running (06m25.0s), 094/150 VUs, 400900 complete and 0 interrupted iterations
default   [  46% ] 094/150 VUs  06m25.0s/14m00.0s

running (06m26.0s), 094/150 VUs, 402345 complete and 0 interrupted iterations
default   [  46% ] 094/150 VUs  06m26.0s/14m00.0s

running (06m27.0s), 094/150 VUs, 403819 complete and 0 interrupted iterations
default   [  46% ] 094/150 VUs  06m27.0s/14m00.0s

running (06m28.0s), 094/150 VUs, 405391 complete and 0 interrupted iterations
default   [  46% ] 094/150 VUs  06m28.0s/14m00.0s

running (06m29.0s), 094/150 VUs, 406735 complete and 0 interrupted iterations
default   [  46% ] 094/150 VUs  06m29.0s/14m00.0s

running (06m30.0s), 094/150 VUs, 408385 complete and 0 interrupted iterations
default   [  46% ] 094/150 VUs  06m30.0s/14m00.0s

running (06m31.0s), 095/150 VUs, 409537 complete and 0 interrupted iterations
default   [  47% ] 095/150 VUs  06m31.0s/14m00.0s

running (06m32.0s), 095/150 VUs, 411233 complete and 0 interrupted iterations
default   [  47% ] 095/150 VUs  06m32.0s/14m00.0s

running (06m33.0s), 095/150 VUs, 412179 complete and 0 interrupted iterations
default   [  47% ] 095/150 VUs  06m33.0s/14m00.0s

running (06m34.0s), 095/150 VUs, 413674 complete and 0 interrupted iterations
default   [  47% ] 095/150 VUs  06m34.0s/14m00.0s

running (06m35.0s), 095/150 VUs, 415047 complete and 0 interrupted iterations
default   [  47% ] 095/150 VUs  06m35.0s/14m00.0s

running (06m36.0s), 095/150 VUs, 415169 complete and 0 interrupted iterations
default   [  47% ] 095/150 VUs  06m36.0s/14m00.0s

running (06m37.0s), 096/150 VUs, 415780 complete and 0 interrupted iterations
default   [  47% ] 096/150 VUs  06m37.0s/14m00.0s

running (06m38.0s), 096/150 VUs, 417661 complete and 0 interrupted iterations
default   [  47% ] 096/150 VUs  06m38.0s/14m00.0s

running (06m39.0s), 096/150 VUs, 418704 complete and 0 interrupted iterations
default   [  47% ] 096/150 VUs  06m39.0s/14m00.0s

running (06m40.0s), 096/150 VUs, 418718 complete and 0 interrupted iterations
default   [  48% ] 096/150 VUs  06m40.0s/14m00.0s

running (06m41.0s), 096/150 VUs, 418812 complete and 0 interrupted iterations
default   [  48% ] 096/150 VUs  06m41.0s/14m00.0s

running (06m42.0s), 096/150 VUs, 418895 complete and 0 interrupted iterations
default   [  48% ] 096/150 VUs  06m42.0s/14m00.0s

running (06m43.0s), 097/150 VUs, 419187 complete and 0 interrupted iterations
default   [  48% ] 097/150 VUs  06m43.0s/14m00.0s

running (06m44.0s), 097/150 VUs, 419620 complete and 0 interrupted iterations
default   [  48% ] 097/150 VUs  06m44.0s/14m00.0s

running (06m45.0s), 097/150 VUs, 420001 complete and 0 interrupted iterations
default   [  48% ] 097/150 VUs  06m45.0s/14m00.0s

running (06m46.0s), 097/150 VUs, 420823 complete and 0 interrupted iterations
default   [  48% ] 097/150 VUs  06m46.0s/14m00.0s

running (06m47.0s), 097/150 VUs, 422617 complete and 0 interrupted iterations
default   [  48% ] 097/150 VUs  06m47.0s/14m00.0s

running (06m48.0s), 097/150 VUs, 424485 complete and 0 interrupted iterations
default   [  49% ] 097/150 VUs  06m48.0s/14m00.0s

running (06m49.0s), 098/150 VUs, 424694 complete and 0 interrupted iterations
default   [  49% ] 098/150 VUs  06m49.0s/14m00.0s

running (06m50.0s), 098/150 VUs, 426527 complete and 0 interrupted iterations
default   [  49% ] 098/150 VUs  06m50.0s/14m00.0s

running (06m51.0s), 098/150 VUs, 427966 complete and 0 interrupted iterations
default   [  49% ] 098/150 VUs  06m51.0s/14m00.0s

running (06m52.0s), 098/150 VUs, 427982 complete and 0 interrupted iterations
default   [  49% ] 098/150 VUs  06m52.0s/14m00.0s

running (06m53.0s), 098/150 VUs, 428048 complete and 0 interrupted iterations
default   [  49% ] 098/150 VUs  06m53.0s/14m00.0s
time="2026-05-01T15:37:17+03:00" level=warning msg="Request Failed" error="Post \"http://178.236.25.152/api/v1/orders\": request timeout"

running (06m54.0s), 098/150 VUs, 428173 complete and 0 interrupted iterations
default   [  49% ] 098/150 VUs  06m54.0s/14m00.0s

running (06m55.0s), 099/150 VUs, 428500 complete and 0 interrupted iterations
default   [  49% ] 099/150 VUs  06m55.0s/14m00.0s

running (06m56.0s), 099/150 VUs, 428956 complete and 0 interrupted iterations
default   [  50% ] 099/150 VUs  06m56.0s/14m00.0s

running (06m57.0s), 099/150 VUs, 429462 complete and 0 interrupted iterations
default   [  50% ] 099/150 VUs  06m57.0s/14m00.0s

running (06m58.0s), 099/150 VUs, 430236 complete and 0 interrupted iterations
default   [  50% ] 099/150 VUs  06m58.0s/14m00.0s

running (06m59.0s), 099/150 VUs, 432282 complete and 0 interrupted iterations
default   [  50% ] 099/150 VUs  06m59.0s/14m00.0s

running (07m00.0s), 099/150 VUs, 433691 complete and 0 interrupted iterations
default   [  50% ] 099/150 VUs  07m00.0s/14m00.0s

running (07m01.0s), 100/150 VUs, 435086 complete and 0 interrupted iterations
default   [  50% ] 100/150 VUs  07m01.0s/14m00.0s

running (07m02.0s), 100/150 VUs, 436554 complete and 0 interrupted iterations
default   [  50% ] 100/150 VUs  07m02.0s/14m00.0s

running (07m03.0s), 100/150 VUs, 438038 complete and 0 interrupted iterations
default   [  50% ] 100/150 VUs  07m03.0s/14m00.0s

running (07m04.0s), 100/150 VUs, 439258 complete and 0 interrupted iterations
default   [  50% ] 100/150 VUs  07m04.0s/14m00.0s

running (07m05.0s), 100/150 VUs, 439258 complete and 0 interrupted iterations
default   [  51% ] 100/150 VUs  07m05.0s/14m00.0s

running (07m06.0s), 100/150 VUs, 439258 complete and 0 interrupted iterations
default   [  51% ] 100/150 VUs  07m06.0s/14m00.0s

running (07m07.0s), 101/150 VUs, 439421 complete and 0 interrupted iterations
default   [  51% ] 101/150 VUs  07m07.0s/14m00.0s

running (07m08.0s), 101/150 VUs, 441126 complete and 0 interrupted iterations
default   [  51% ] 101/150 VUs  07m08.0s/14m00.0s

running (07m09.0s), 101/150 VUs, 442722 complete and 0 interrupted iterations
default   [  51% ] 101/150 VUs  07m09.0s/14m00.0s

running (07m10.0s), 101/150 VUs, 444279 complete and 0 interrupted iterations
default   [  51% ] 101/150 VUs  07m10.0s/14m00.0s

running (07m11.0s), 101/150 VUs, 445506 complete and 0 interrupted iterations
default   [  51% ] 101/150 VUs  07m11.0s/14m00.0s

running (07m12.0s), 101/150 VUs, 447157 complete and 0 interrupted iterations
default   [  51% ] 101/150 VUs  07m12.0s/14m00.0s

running (07m13.0s), 102/150 VUs, 448134 complete and 0 interrupted iterations
default   [  52% ] 102/150 VUs  07m13.0s/14m00.0s

running (07m14.0s), 102/150 VUs, 448142 complete and 0 interrupted iterations
default   [  52% ] 102/150 VUs  07m14.0s/14m00.0s

running (07m15.0s), 102/150 VUs, 448250 complete and 0 interrupted iterations
default   [  52% ] 102/150 VUs  07m15.0s/14m00.0s

running (07m16.0s), 102/150 VUs, 448321 complete and 0 interrupted iterations
default   [  52% ] 102/150 VUs  07m16.0s/14m00.0s

running (07m17.0s), 102/150 VUs, 448481 complete and 0 interrupted iterations
default   [  52% ] 102/150 VUs  07m17.0s/14m00.0s

running (07m18.0s), 102/150 VUs, 448958 complete and 0 interrupted iterations
default   [  52% ] 102/150 VUs  07m18.0s/14m00.0s

running (07m19.0s), 103/150 VUs, 449471 complete and 0 interrupted iterations
default   [  52% ] 103/150 VUs  07m19.0s/14m00.0s

running (07m20.0s), 103/150 VUs, 449960 complete and 0 interrupted iterations
default   [  52% ] 103/150 VUs  07m20.0s/14m00.0s

running (07m21.0s), 103/150 VUs, 451586 complete and 0 interrupted iterations
default   [  52% ] 103/150 VUs  07m21.0s/14m00.0s

running (07m22.0s), 103/150 VUs, 453742 complete and 0 interrupted iterations
default   [  53% ] 103/150 VUs  07m22.0s/14m00.0s

running (07m23.0s), 103/150 VUs, 455312 complete and 0 interrupted iterations
default   [  53% ] 103/150 VUs  07m23.0s/14m00.0s

running (07m24.0s), 103/150 VUs, 456597 complete and 0 interrupted iterations
default   [  53% ] 103/150 VUs  07m24.0s/14m00.0s

running (07m25.0s), 104/150 VUs, 457087 complete and 0 interrupted iterations
default   [  53% ] 104/150 VUs  07m25.0s/14m00.0s

running (07m26.0s), 104/150 VUs, 458847 complete and 0 interrupted iterations
default   [  53% ] 104/150 VUs  07m26.0s/14m00.0s

running (07m27.0s), 104/150 VUs, 460422 complete and 0 interrupted iterations
default   [  53% ] 104/150 VUs  07m27.0s/14m00.0s

running (07m28.0s), 104/150 VUs, 461862 complete and 0 interrupted iterations
default   [  53% ] 104/150 VUs  07m28.0s/14m00.0s

running (07m29.0s), 104/150 VUs, 463099 complete and 0 interrupted iterations
default   [  53% ] 104/150 VUs  07m29.0s/14m00.0s

running (07m30.0s), 104/150 VUs, 464471 complete and 0 interrupted iterations
default   [  54% ] 104/150 VUs  07m30.0s/14m00.0s

running (07m31.0s), 105/150 VUs, 464986 complete and 0 interrupted iterations
default   [  54% ] 105/150 VUs  07m31.0s/14m00.0s

running (07m32.0s), 105/150 VUs, 465950 complete and 0 interrupted iterations
default   [  54% ] 105/150 VUs  07m32.0s/14m00.0s

running (07m33.0s), 105/150 VUs, 467984 complete and 0 interrupted iterations
default   [  54% ] 105/150 VUs  07m33.0s/14m00.0s

running (07m34.0s), 105/150 VUs, 469379 complete and 0 interrupted iterations
default   [  54% ] 105/150 VUs  07m34.0s/14m00.0s

running (07m35.0s), 105/150 VUs, 470632 complete and 0 interrupted iterations
default   [  54% ] 105/150 VUs  07m35.0s/14m00.0s

running (07m36.0s), 105/150 VUs, 472070 complete and 0 interrupted iterations
default   [  54% ] 105/150 VUs  07m36.0s/14m00.0s

running (07m37.0s), 106/150 VUs, 473587 complete and 0 interrupted iterations
default   [  54% ] 106/150 VUs  07m37.0s/14m00.0s

running (07m38.0s), 106/150 VUs, 475008 complete and 0 interrupted iterations
default   [  55% ] 106/150 VUs  07m38.0s/14m00.0s

running (07m39.0s), 106/150 VUs, 475717 complete and 0 interrupted iterations
default   [  55% ] 106/150 VUs  07m39.0s/14m00.0s

running (07m40.0s), 106/150 VUs, 476305 complete and 0 interrupted iterations
default   [  55% ] 106/150 VUs  07m40.0s/14m00.0s

running (07m41.0s), 106/150 VUs, 477062 complete and 0 interrupted iterations
default   [  55% ] 106/150 VUs  07m41.0s/14m00.0s

running (07m42.0s), 106/150 VUs, 478107 complete and 0 interrupted iterations
default   [  55% ] 106/150 VUs  07m42.0s/14m00.0s

running (07m43.0s), 107/150 VUs, 478860 complete and 0 interrupted iterations
default   [  55% ] 107/150 VUs  07m43.0s/14m00.0s

running (07m44.0s), 107/150 VUs, 480029 complete and 0 interrupted iterations
default   [  55% ] 107/150 VUs  07m44.0s/14m00.0s

running (07m45.0s), 107/150 VUs, 481573 complete and 0 interrupted iterations
default   [  55% ] 107/150 VUs  07m45.0s/14m00.0s

running (07m46.0s), 107/150 VUs, 483198 complete and 0 interrupted iterations
default   [  55% ] 107/150 VUs  07m46.0s/14m00.0s

running (07m47.0s), 107/150 VUs, 484547 complete and 0 interrupted iterations
default   [  56% ] 107/150 VUs  07m47.0s/14m00.0s

running (07m48.0s), 107/150 VUs, 485878 complete and 0 interrupted iterations
default   [  56% ] 107/150 VUs  07m48.0s/14m00.0s

running (07m49.0s), 108/150 VUs, 487302 complete and 0 interrupted iterations
default   [  56% ] 108/150 VUs  07m49.0s/14m00.0s

running (07m50.0s), 108/150 VUs, 488719 complete and 0 interrupted iterations
default   [  56% ] 108/150 VUs  07m50.0s/14m00.0s

running (07m51.0s), 108/150 VUs, 490106 complete and 0 interrupted iterations
default   [  56% ] 108/150 VUs  07m51.0s/14m00.0s

running (07m52.0s), 108/150 VUs, 491628 complete and 0 interrupted iterations
default   [  56% ] 108/150 VUs  07m52.0s/14m00.0s

running (07m53.0s), 108/150 VUs, 492978 complete and 0 interrupted iterations
default   [  56% ] 108/150 VUs  07m53.0s/14m00.0s

running (07m54.0s), 108/150 VUs, 494094 complete and 0 interrupted iterations
default   [  56% ] 108/150 VUs  07m54.0s/14m00.0s

running (07m55.0s), 109/150 VUs, 495649 complete and 0 interrupted iterations
default   [  57% ] 109/150 VUs  07m55.0s/14m00.0s

running (07m56.0s), 109/150 VUs, 497199 complete and 0 interrupted iterations
default   [  57% ] 109/150 VUs  07m56.0s/14m00.0s

running (07m57.0s), 109/150 VUs, 498767 complete and 0 interrupted iterations
default   [  57% ] 109/150 VUs  07m57.0s/14m00.0s

running (07m58.0s), 109/150 VUs, 499983 complete and 0 interrupted iterations
default   [  57% ] 109/150 VUs  07m58.0s/14m00.0s

running (07m59.0s), 109/150 VUs, 501092 complete and 0 interrupted iterations
default   [  57% ] 109/150 VUs  07m59.0s/14m00.0s

running (08m00.0s), 109/150 VUs, 502411 complete and 0 interrupted iterations
default   [  57% ] 109/150 VUs  08m00.0s/14m00.0s

running (08m01.0s), 110/150 VUs, 503873 complete and 0 interrupted iterations
default   [  57% ] 110/150 VUs  08m01.0s/14m00.0s

running (08m02.0s), 110/150 VUs, 505220 complete and 0 interrupted iterations
default   [  57% ] 110/150 VUs  08m02.0s/14m00.0s

running (08m03.0s), 110/150 VUs, 506182 complete and 0 interrupted iterations
default   [  57% ] 110/150 VUs  08m03.0s/14m00.0s

running (08m04.0s), 110/150 VUs, 507837 complete and 0 interrupted iterations
default   [  58% ] 110/150 VUs  08m04.0s/14m00.0s

running (08m05.0s), 110/150 VUs, 509445 complete and 0 interrupted iterations
default   [  58% ] 110/150 VUs  08m05.0s/14m00.0s

running (08m06.0s), 110/150 VUs, 510885 complete and 0 interrupted iterations
default   [  58% ] 110/150 VUs  08m06.0s/14m00.0s

running (08m07.0s), 111/150 VUs, 512349 complete and 0 interrupted iterations
default   [  58% ] 111/150 VUs  08m07.0s/14m00.0s

running (08m08.0s), 111/150 VUs, 513825 complete and 0 interrupted iterations
default   [  58% ] 111/150 VUs  08m08.0s/14m00.0s

running (08m09.0s), 111/150 VUs, 515159 complete and 0 interrupted iterations
default   [  58% ] 111/150 VUs  08m09.0s/14m00.0s

running (08m10.0s), 111/150 VUs, 516928 complete and 0 interrupted iterations
default   [  58% ] 111/150 VUs  08m10.0s/14m00.0s

running (08m11.0s), 111/150 VUs, 518111 complete and 0 interrupted iterations
default   [  58% ] 111/150 VUs  08m11.0s/14m00.0s

running (08m12.0s), 111/150 VUs, 519662 complete and 0 interrupted iterations
default   [  59% ] 111/150 VUs  08m12.0s/14m00.0s

running (08m13.0s), 112/150 VUs, 521119 complete and 0 interrupted iterations
default   [  59% ] 112/150 VUs  08m13.0s/14m00.0s

running (08m14.0s), 112/150 VUs, 522659 complete and 0 interrupted iterations
default   [  59% ] 112/150 VUs  08m14.0s/14m00.0s

running (08m15.0s), 112/150 VUs, 523796 complete and 0 interrupted iterations
default   [  59% ] 112/150 VUs  08m15.0s/14m00.0s

running (08m16.0s), 112/150 VUs, 525214 complete and 0 interrupted iterations
default   [  59% ] 112/150 VUs  08m16.0s/14m00.0s

running (08m17.0s), 112/150 VUs, 525691 complete and 0 interrupted iterations
default   [  59% ] 112/150 VUs  08m17.0s/14m00.0s

running (08m18.0s), 112/150 VUs, 526080 complete and 0 interrupted iterations
default   [  59% ] 112/150 VUs  08m18.0s/14m00.0s

running (08m19.0s), 113/150 VUs, 527410 complete and 0 interrupted iterations
default   [  59% ] 113/150 VUs  08m19.0s/14m00.0s

running (08m20.0s), 113/150 VUs, 528559 complete and 0 interrupted iterations
default   [  60% ] 113/150 VUs  08m20.0s/14m00.0s

running (08m21.0s), 113/150 VUs, 529963 complete and 0 interrupted iterations
default   [  60% ] 113/150 VUs  08m21.0s/14m00.0s

running (08m22.0s), 113/150 VUs, 530577 complete and 0 interrupted iterations
default   [  60% ] 113/150 VUs  08m22.0s/14m00.0s

running (08m23.0s), 113/150 VUs, 532374 complete and 0 interrupted iterations
default   [  60% ] 113/150 VUs  08m23.0s/14m00.0s

running (08m24.0s), 113/150 VUs, 533767 complete and 0 interrupted iterations
default   [  60% ] 113/150 VUs  08m24.0s/14m00.0s

running (08m25.0s), 114/150 VUs, 535264 complete and 0 interrupted iterations
default   [  60% ] 114/150 VUs  08m25.0s/14m00.0s

running (08m26.0s), 114/150 VUs, 536875 complete and 0 interrupted iterations
default   [  60% ] 114/150 VUs  08m26.0s/14m00.0s

running (08m27.0s), 114/150 VUs, 538236 complete and 0 interrupted iterations
default   [  60% ] 114/150 VUs  08m27.0s/14m00.0s

running (08m28.0s), 114/150 VUs, 539180 complete and 0 interrupted iterations
default   [  60% ] 114/150 VUs  08m28.0s/14m00.0s

running (08m29.0s), 114/150 VUs, 540851 complete and 0 interrupted iterations
default   [  61% ] 114/150 VUs  08m29.0s/14m00.0s

running (08m30.0s), 114/150 VUs, 542135 complete and 0 interrupted iterations
default   [  61% ] 114/150 VUs  08m30.0s/14m00.0s
time="2026-05-01T15:38:54+03:00" level=warning msg="Request Failed" error="Post \"http://178.236.25.152/api/v1/orders\": request timeout"

running (08m31.0s), 115/150 VUs, 543548 complete and 0 interrupted iterations
default   [  61% ] 115/150 VUs  08m31.0s/14m00.0s

running (08m32.0s), 115/150 VUs, 544763 complete and 0 interrupted iterations
default   [  61% ] 115/150 VUs  08m32.0s/14m00.0s

running (08m33.0s), 115/150 VUs, 546292 complete and 0 interrupted iterations
default   [  61% ] 115/150 VUs  08m33.0s/14m00.0s

running (08m34.0s), 115/150 VUs, 547777 complete and 0 interrupted iterations
default   [  61% ] 115/150 VUs  08m34.0s/14m00.0s

running (08m35.0s), 115/150 VUs, 548891 complete and 0 interrupted iterations
default   [  61% ] 115/150 VUs  08m35.0s/14m00.0s

running (08m36.0s), 115/150 VUs, 550240 complete and 0 interrupted iterations
default   [  61% ] 115/150 VUs  08m36.0s/14m00.0s

running (08m37.0s), 116/150 VUs, 551528 complete and 0 interrupted iterations
default   [  62% ] 116/150 VUs  08m37.0s/14m00.0s

running (08m38.0s), 116/150 VUs, 552867 complete and 0 interrupted iterations
default   [  62% ] 116/150 VUs  08m38.0s/14m00.0s

running (08m39.0s), 116/150 VUs, 554150 complete and 0 interrupted iterations
default   [  62% ] 116/150 VUs  08m39.0s/14m00.0s

running (08m40.0s), 116/150 VUs, 555065 complete and 0 interrupted iterations
default   [  62% ] 116/150 VUs  08m40.0s/14m00.0s

running (08m41.0s), 116/150 VUs, 555920 complete and 0 interrupted iterations
default   [  62% ] 116/150 VUs  08m41.0s/14m00.0s

running (08m42.0s), 116/150 VUs, 556360 complete and 0 interrupted iterations
default   [  62% ] 116/150 VUs  08m42.0s/14m00.0s

running (08m43.0s), 117/150 VUs, 556954 complete and 0 interrupted iterations
default   [  62% ] 117/150 VUs  08m43.0s/14m00.0s

running (08m44.0s), 117/150 VUs, 557604 complete and 0 interrupted iterations
default   [  62% ] 117/150 VUs  08m44.0s/14m00.0s

running (08m45.0s), 117/150 VUs, 558132 complete and 0 interrupted iterations
default   [  62% ] 117/150 VUs  08m45.0s/14m00.0s

running (08m46.0s), 117/150 VUs, 558544 complete and 0 interrupted iterations
default   [  63% ] 117/150 VUs  08m46.0s/14m00.0s

running (08m47.0s), 117/150 VUs, 559237 complete and 0 interrupted iterations
default   [  63% ] 117/150 VUs  08m47.0s/14m00.0s

running (08m48.0s), 117/150 VUs, 560613 complete and 0 interrupted iterations
default   [  63% ] 117/150 VUs  08m48.0s/14m00.0s

running (08m49.0s), 118/150 VUs, 562195 complete and 0 interrupted iterations
default   [  63% ] 118/150 VUs  08m49.0s/14m00.0s

running (08m50.0s), 118/150 VUs, 563722 complete and 0 interrupted iterations
default   [  63% ] 118/150 VUs  08m50.0s/14m00.0s

running (08m51.0s), 118/150 VUs, 565046 complete and 0 interrupted iterations
default   [  63% ] 118/150 VUs  08m51.0s/14m00.0s

running (08m52.0s), 118/150 VUs, 566466 complete and 0 interrupted iterations
default   [  63% ] 118/150 VUs  08m52.0s/14m00.0s

running (08m53.0s), 118/150 VUs, 567653 complete and 0 interrupted iterations
default   [  63% ] 118/150 VUs  08m53.0s/14m00.0s

running (08m54.0s), 118/150 VUs, 569204 complete and 0 interrupted iterations
default   [  64% ] 118/150 VUs  08m54.0s/14m00.0s

running (08m55.0s), 119/150 VUs, 570830 complete and 0 interrupted iterations
default   [  64% ] 119/150 VUs  08m55.0s/14m00.0s

running (08m56.0s), 119/150 VUs, 572010 complete and 0 interrupted iterations
default   [  64% ] 119/150 VUs  08m56.0s/14m00.0s

running (08m57.0s), 119/150 VUs, 573102 complete and 0 interrupted iterations
default   [  64% ] 119/150 VUs  08m57.0s/14m00.0s

running (08m58.0s), 119/150 VUs, 574496 complete and 0 interrupted iterations
default   [  64% ] 119/150 VUs  08m58.0s/14m00.0s

running (08m59.0s), 119/150 VUs, 576001 complete and 0 interrupted iterations
default   [  64% ] 119/150 VUs  08m59.0s/14m00.0s

running (09m00.0s), 119/150 VUs, 577486 complete and 0 interrupted iterations
default   [  64% ] 119/150 VUs  09m00.0s/14m00.0s

running (09m01.0s), 120/150 VUs, 579185 complete and 0 interrupted iterations
default   [  64% ] 120/150 VUs  09m01.0s/14m00.0s

running (09m02.0s), 120/150 VUs, 580624 complete and 0 interrupted iterations
default   [  65% ] 120/150 VUs  09m02.0s/14m00.0s

running (09m03.0s), 120/150 VUs, 581800 complete and 0 interrupted iterations
default   [  65% ] 120/150 VUs  09m03.0s/14m00.0s

running (09m04.0s), 120/150 VUs, 583293 complete and 0 interrupted iterations
default   [  65% ] 120/150 VUs  09m04.0s/14m00.0s

running (09m05.0s), 120/150 VUs, 584939 complete and 0 interrupted iterations
default   [  65% ] 120/150 VUs  09m05.0s/14m00.0s

running (09m06.0s), 120/150 VUs, 586306 complete and 0 interrupted iterations
default   [  65% ] 120/150 VUs  09m06.0s/14m00.0s

running (09m07.0s), 121/150 VUs, 587968 complete and 0 interrupted iterations
default   [  65% ] 121/150 VUs  09m07.0s/14m00.0s

running (09m08.0s), 121/150 VUs, 589203 complete and 0 interrupted iterations
default   [  65% ] 121/150 VUs  09m08.0s/14m00.0s

running (09m09.0s), 121/150 VUs, 590369 complete and 0 interrupted iterations
default   [  65% ] 121/150 VUs  09m09.0s/14m00.0s

running (09m10.0s), 121/150 VUs, 592078 complete and 0 interrupted iterations
default   [  65% ] 121/150 VUs  09m10.0s/14m00.0s

running (09m11.0s), 121/150 VUs, 593577 complete and 0 interrupted iterations
default   [  66% ] 121/150 VUs  09m11.0s/14m00.0s

running (09m12.0s), 121/150 VUs, 595203 complete and 0 interrupted iterations
default   [  66% ] 121/150 VUs  09m12.0s/14m00.0s

running (09m13.0s), 122/150 VUs, 596650 complete and 0 interrupted iterations
default   [  66% ] 122/150 VUs  09m13.0s/14m00.0s

running (09m14.0s), 122/150 VUs, 598445 complete and 0 interrupted iterations
default   [  66% ] 122/150 VUs  09m14.0s/14m00.0s

running (09m15.0s), 122/150 VUs, 599815 complete and 0 interrupted iterations
default   [  66% ] 122/150 VUs  09m15.0s/14m00.0s

running (09m16.0s), 122/150 VUs, 601206 complete and 0 interrupted iterations
default   [  66% ] 122/150 VUs  09m16.0s/14m00.0s

running (09m17.0s), 122/150 VUs, 602635 complete and 0 interrupted iterations
default   [  66% ] 122/150 VUs  09m17.0s/14m00.0s

running (09m18.0s), 122/150 VUs, 603809 complete and 0 interrupted iterations
default   [  66% ] 122/150 VUs  09m18.0s/14m00.0s

running (09m19.0s), 123/150 VUs, 605399 complete and 0 interrupted iterations
default   [  67% ] 123/150 VUs  09m19.0s/14m00.0s

running (09m20.0s), 123/150 VUs, 606936 complete and 0 interrupted iterations
default   [  67% ] 123/150 VUs  09m20.0s/14m00.0s

running (09m21.0s), 123/150 VUs, 608423 complete and 0 interrupted iterations
default   [  67% ] 123/150 VUs  09m21.0s/14m00.0s

running (09m22.0s), 123/150 VUs, 610081 complete and 0 interrupted iterations
default   [  67% ] 123/150 VUs  09m22.0s/14m00.0s

running (09m23.0s), 123/150 VUs, 611463 complete and 0 interrupted iterations
default   [  67% ] 123/150 VUs  09m23.0s/14m00.0s

running (09m24.0s), 123/150 VUs, 612752 complete and 0 interrupted iterations
default   [  67% ] 123/150 VUs  09m24.0s/14m00.0s

running (09m25.0s), 124/150 VUs, 614084 complete and 0 interrupted iterations
default   [  67% ] 124/150 VUs  09m25.0s/14m00.0s

running (09m26.0s), 124/150 VUs, 615656 complete and 0 interrupted iterations
default   [  67% ] 124/150 VUs  09m26.0s/14m00.0s

running (09m27.0s), 124/150 VUs, 616938 complete and 0 interrupted iterations
default   [  67% ] 124/150 VUs  09m27.0s/14m00.0s

running (09m28.0s), 124/150 VUs, 618322 complete and 0 interrupted iterations
default   [  68% ] 124/150 VUs  09m28.0s/14m00.0s

running (09m29.0s), 124/150 VUs, 620008 complete and 0 interrupted iterations
default   [  68% ] 124/150 VUs  09m29.0s/14m00.0s

running (09m30.0s), 124/150 VUs, 621255 complete and 0 interrupted iterations
default   [  68% ] 124/150 VUs  09m30.0s/14m00.0s

running (09m31.0s), 125/150 VUs, 622818 complete and 0 interrupted iterations
default   [  68% ] 125/150 VUs  09m31.0s/14m00.0s

running (09m32.0s), 125/150 VUs, 624217 complete and 0 interrupted iterations
default   [  68% ] 125/150 VUs  09m32.0s/14m00.0s

running (09m33.0s), 125/150 VUs, 625060 complete and 0 interrupted iterations
default   [  68% ] 125/150 VUs  09m33.0s/14m00.0s

running (09m34.0s), 125/150 VUs, 626476 complete and 0 interrupted iterations
default   [  68% ] 125/150 VUs  09m34.0s/14m00.0s

running (09m35.0s), 125/150 VUs, 628149 complete and 0 interrupted iterations
default   [  68% ] 125/150 VUs  09m35.0s/14m00.0s

running (09m36.0s), 125/150 VUs, 629589 complete and 0 interrupted iterations
default   [  69% ] 125/150 VUs  09m36.0s/14m00.0s

running (09m37.0s), 126/150 VUs, 630747 complete and 0 interrupted iterations
default   [  69% ] 126/150 VUs  09m37.0s/14m00.0s

running (09m38.0s), 126/150 VUs, 631934 complete and 0 interrupted iterations
default   [  69% ] 126/150 VUs  09m38.0s/14m00.0s

running (09m39.0s), 126/150 VUs, 633027 complete and 0 interrupted iterations
default   [  69% ] 126/150 VUs  09m39.0s/14m00.0s

running (09m40.0s), 126/150 VUs, 634238 complete and 0 interrupted iterations
default   [  69% ] 126/150 VUs  09m40.0s/14m00.0s

running (09m41.0s), 126/150 VUs, 635433 complete and 0 interrupted iterations
default   [  69% ] 126/150 VUs  09m41.0s/14m00.0s

running (09m42.0s), 126/150 VUs, 636835 complete and 0 interrupted iterations
default   [  69% ] 126/150 VUs  09m42.0s/14m00.0s

running (09m43.0s), 127/150 VUs, 637906 complete and 0 interrupted iterations
default   [  69% ] 127/150 VUs  09m43.0s/14m00.0s

running (09m44.0s), 127/150 VUs, 638361 complete and 0 interrupted iterations
default   [  70% ] 127/150 VUs  09m44.0s/14m00.0s

running (09m45.0s), 127/150 VUs, 638761 complete and 0 interrupted iterations
default   [  70% ] 127/150 VUs  09m45.0s/14m00.0s

running (09m46.0s), 127/150 VUs, 639158 complete and 0 interrupted iterations
default   [  70% ] 127/150 VUs  09m46.0s/14m00.0s

running (09m47.0s), 127/150 VUs, 639638 complete and 0 interrupted iterations
default   [  70% ] 127/150 VUs  09m47.0s/14m00.0s

running (09m48.0s), 127/150 VUs, 639970 complete and 0 interrupted iterations
default   [  70% ] 127/150 VUs  09m48.0s/14m00.0s

running (09m49.0s), 128/150 VUs, 640605 complete and 0 interrupted iterations
default   [  70% ] 128/150 VUs  09m49.0s/14m00.0s

running (09m50.0s), 128/150 VUs, 640947 complete and 0 interrupted iterations
default   [  70% ] 128/150 VUs  09m50.0s/14m00.0s

running (09m51.0s), 128/150 VUs, 641653 complete and 0 interrupted iterations
default   [  70% ] 128/150 VUs  09m51.0s/14m00.0s

running (09m52.0s), 128/150 VUs, 643207 complete and 0 interrupted iterations
default   [  70% ] 128/150 VUs  09m52.0s/14m00.0s

running (09m53.0s), 128/150 VUs, 644604 complete and 0 interrupted iterations
default   [  71% ] 128/150 VUs  09m53.0s/14m00.0s

running (09m54.0s), 128/150 VUs, 646017 complete and 0 interrupted iterations
default   [  71% ] 128/150 VUs  09m54.0s/14m00.0s

running (09m55.0s), 129/150 VUs, 647475 complete and 0 interrupted iterations
default   [  71% ] 129/150 VUs  09m55.0s/14m00.0s

running (09m56.0s), 129/150 VUs, 649093 complete and 0 interrupted iterations
default   [  71% ] 129/150 VUs  09m56.0s/14m00.0s

running (09m57.0s), 129/150 VUs, 650703 complete and 0 interrupted iterations
default   [  71% ] 129/150 VUs  09m57.0s/14m00.0s

running (09m58.0s), 129/150 VUs, 651771 complete and 0 interrupted iterations
default   [  71% ] 129/150 VUs  09m58.0s/14m00.0s

running (09m59.0s), 129/150 VUs, 653339 complete and 0 interrupted iterations
default   [  71% ] 129/150 VUs  09m59.0s/14m00.0s

running (10m00.0s), 129/150 VUs, 654693 complete and 0 interrupted iterations
default   [  71% ] 129/150 VUs  10m00.0s/14m00.0s

running (10m01.0s), 130/150 VUs, 655932 complete and 0 interrupted iterations
default   [  72% ] 130/150 VUs  10m01.0s/14m00.0s

running (10m02.0s), 130/150 VUs, 657512 complete and 0 interrupted iterations
default   [  72% ] 130/150 VUs  10m02.0s/14m00.0s

running (10m03.0s), 130/150 VUs, 658918 complete and 0 interrupted iterations
default   [  72% ] 130/150 VUs  10m03.0s/14m00.0s

running (10m04.0s), 130/150 VUs, 660157 complete and 0 interrupted iterations
default   [  72% ] 130/150 VUs  10m04.0s/14m00.0s

running (10m05.0s), 130/150 VUs, 661658 complete and 0 interrupted iterations
default   [  72% ] 130/150 VUs  10m05.0s/14m00.0s

running (10m06.0s), 130/150 VUs, 663008 complete and 0 interrupted iterations
default   [  72% ] 130/150 VUs  10m06.0s/14m00.0s

running (10m07.0s), 131/150 VUs, 664764 complete and 0 interrupted iterations
default   [  72% ] 131/150 VUs  10m07.0s/14m00.0s

running (10m08.0s), 131/150 VUs, 666239 complete and 0 interrupted iterations
default   [  72% ] 131/150 VUs  10m08.0s/14m00.0s

running (10m09.0s), 131/150 VUs, 667961 complete and 0 interrupted iterations
default   [  72% ] 131/150 VUs  10m09.0s/14m00.0s

running (10m10.0s), 131/150 VUs, 669358 complete and 0 interrupted iterations
default   [  73% ] 131/150 VUs  10m10.0s/14m00.0s

running (10m11.0s), 131/150 VUs, 670660 complete and 0 interrupted iterations
default   [  73% ] 131/150 VUs  10m11.0s/14m00.0s

running (10m12.0s), 131/150 VUs, 672134 complete and 0 interrupted iterations
default   [  73% ] 131/150 VUs  10m12.0s/14m00.0s

running (10m13.0s), 132/150 VUs, 673022 complete and 0 interrupted iterations
default   [  73% ] 132/150 VUs  10m13.0s/14m00.0s

running (10m14.0s), 132/150 VUs, 674437 complete and 0 interrupted iterations
default   [  73% ] 132/150 VUs  10m14.0s/14m00.0s

running (10m15.0s), 132/150 VUs, 676086 complete and 0 interrupted iterations
default   [  73% ] 132/150 VUs  10m15.0s/14m00.0s

running (10m16.0s), 132/150 VUs, 677425 complete and 0 interrupted iterations
default   [  73% ] 132/150 VUs  10m16.0s/14m00.0s

running (10m17.0s), 132/150 VUs, 678817 complete and 0 interrupted iterations
default   [  73% ] 132/150 VUs  10m17.0s/14m00.0s

running (10m18.0s), 132/150 VUs, 680313 complete and 0 interrupted iterations
default   [  74% ] 132/150 VUs  10m18.0s/14m00.0s

running (10m19.0s), 133/150 VUs, 681622 complete and 0 interrupted iterations
default   [  74% ] 133/150 VUs  10m19.0s/14m00.0s

running (10m20.0s), 133/150 VUs, 683073 complete and 0 interrupted iterations
default   [  74% ] 133/150 VUs  10m20.0s/14m00.0s

running (10m21.0s), 133/150 VUs, 684610 complete and 0 interrupted iterations
default   [  74% ] 133/150 VUs  10m21.0s/14m00.0s

running (10m22.0s), 133/150 VUs, 686493 complete and 0 interrupted iterations
default   [  74% ] 133/150 VUs  10m22.0s/14m00.0s
time="2026-05-01T15:40:46+03:00" level=warning msg="Request Failed" error="Get \"http://178.236.25.152/api/v1/restaurants/search?cuisine=italian&limit=10\": request timeout"

running (10m23.0s), 133/150 VUs, 687989 complete and 0 interrupted iterations
default   [  74% ] 133/150 VUs  10m23.0s/14m00.0s

running (10m24.0s), 133/150 VUs, 689282 complete and 0 interrupted iterations
default   [  74% ] 133/150 VUs  10m24.0s/14m00.0s

running (10m25.0s), 134/150 VUs, 690849 complete and 0 interrupted iterations
default   [  74% ] 134/150 VUs  10m25.0s/14m00.0s

running (10m26.0s), 134/150 VUs, 692382 complete and 0 interrupted iterations
default   [  75% ] 134/150 VUs  10m26.0s/14m00.0s

running (10m27.0s), 134/150 VUs, 693672 complete and 0 interrupted iterations
default   [  75% ] 134/150 VUs  10m27.0s/14m00.0s

running (10m28.0s), 134/150 VUs, 695010 complete and 0 interrupted iterations
default   [  75% ] 134/150 VUs  10m28.0s/14m00.0s

running (10m29.0s), 134/150 VUs, 696629 complete and 0 interrupted iterations
default   [  75% ] 134/150 VUs  10m29.0s/14m00.0s

running (10m30.0s), 134/150 VUs, 698095 complete and 0 interrupted iterations
default   [  75% ] 134/150 VUs  10m30.0s/14m00.0s

running (10m31.0s), 135/150 VUs, 699610 complete and 0 interrupted iterations
default   [  75% ] 135/150 VUs  10m31.0s/14m00.0s

running (10m32.0s), 135/150 VUs, 701167 complete and 0 interrupted iterations
default   [  75% ] 135/150 VUs  10m32.0s/14m00.0s

running (10m33.0s), 135/150 VUs, 702694 complete and 0 interrupted iterations
default   [  75% ] 135/150 VUs  10m33.0s/14m00.0s

running (10m34.0s), 135/150 VUs, 703676 complete and 0 interrupted iterations
default   [  75% ] 135/150 VUs  10m34.0s/14m00.0s

running (10m35.0s), 135/150 VUs, 705180 complete and 0 interrupted iterations
default   [  76% ] 135/150 VUs  10m35.0s/14m00.0s

running (10m36.0s), 135/150 VUs, 706714 complete and 0 interrupted iterations
default   [  76% ] 135/150 VUs  10m36.0s/14m00.0s

running (10m37.0s), 136/150 VUs, 708232 complete and 0 interrupted iterations
default   [  76% ] 136/150 VUs  10m37.0s/14m00.0s

running (10m38.0s), 136/150 VUs, 709756 complete and 0 interrupted iterations
default   [  76% ] 136/150 VUs  10m38.0s/14m00.0s

running (10m39.0s), 136/150 VUs, 710626 complete and 0 interrupted iterations
default   [  76% ] 136/150 VUs  10m39.0s/14m00.0s

running (10m40.0s), 136/150 VUs, 711252 complete and 0 interrupted iterations
default   [  76% ] 136/150 VUs  10m40.0s/14m00.0s

running (10m41.0s), 136/150 VUs, 712138 complete and 0 interrupted iterations
default   [  76% ] 136/150 VUs  10m41.0s/14m00.0s

running (10m42.0s), 136/150 VUs, 713072 complete and 0 interrupted iterations
default   [  76% ] 136/150 VUs  10m42.0s/14m00.0s

running (10m43.0s), 137/150 VUs, 714167 complete and 0 interrupted iterations
default   [  77% ] 137/150 VUs  10m43.0s/14m00.0s

running (10m44.0s), 137/150 VUs, 715534 complete and 0 interrupted iterations
default   [  77% ] 137/150 VUs  10m44.0s/14m00.0s

running (10m45.0s), 137/150 VUs, 716662 complete and 0 interrupted iterations
default   [  77% ] 137/150 VUs  10m45.0s/14m00.0s

running (10m46.0s), 137/150 VUs, 718065 complete and 0 interrupted iterations
default   [  77% ] 137/150 VUs  10m46.0s/14m00.0s

running (10m47.0s), 137/150 VUs, 719744 complete and 0 interrupted iterations
default   [  77% ] 137/150 VUs  10m47.0s/14m00.0s

running (10m48.0s), 137/150 VUs, 721368 complete and 0 interrupted iterations
default   [  77% ] 137/150 VUs  10m48.0s/14m00.0s

running (10m49.0s), 138/150 VUs, 722777 complete and 0 interrupted iterations
default   [  77% ] 138/150 VUs  10m49.0s/14m00.0s

running (10m50.0s), 138/150 VUs, 724250 complete and 0 interrupted iterations
default   [  77% ] 138/150 VUs  10m50.0s/14m00.0s

running (10m51.0s), 138/150 VUs, 725464 complete and 0 interrupted iterations
default   [  77% ] 138/150 VUs  10m51.0s/14m00.0s

running (10m52.0s), 138/150 VUs, 726672 complete and 0 interrupted iterations
default   [  78% ] 138/150 VUs  10m52.0s/14m00.0s

running (10m53.0s), 138/150 VUs, 728204 complete and 0 interrupted iterations
default   [  78% ] 138/150 VUs  10m53.0s/14m00.0s

running (10m54.0s), 138/150 VUs, 729204 complete and 0 interrupted iterations
default   [  78% ] 138/150 VUs  10m54.0s/14m00.0s

running (10m55.0s), 139/150 VUs, 730516 complete and 0 interrupted iterations
default   [  78% ] 139/150 VUs  10m55.0s/14m00.0s

running (10m56.0s), 139/150 VUs, 731663 complete and 0 interrupted iterations
default   [  78% ] 139/150 VUs  10m56.0s/14m00.0s

running (10m57.0s), 139/150 VUs, 733041 complete and 0 interrupted iterations
default   [  78% ] 139/150 VUs  10m57.0s/14m00.0s

running (10m58.0s), 139/150 VUs, 734170 complete and 0 interrupted iterations
default   [  78% ] 139/150 VUs  10m58.0s/14m00.0s

running (10m59.0s), 139/150 VUs, 735527 complete and 0 interrupted iterations
default   [  78% ] 139/150 VUs  10m59.0s/14m00.0s

running (11m00.0s), 139/150 VUs, 737182 complete and 0 interrupted iterations
default   [  79% ] 139/150 VUs  11m00.0s/14m00.0s

running (11m01.0s), 140/150 VUs, 738561 complete and 0 interrupted iterations
default   [  79% ] 140/150 VUs  11m01.0s/14m00.0s

running (11m02.0s), 140/150 VUs, 739966 complete and 0 interrupted iterations
default   [  79% ] 140/150 VUs  11m02.0s/14m00.0s

running (11m03.0s), 140/150 VUs, 741366 complete and 0 interrupted iterations
default   [  79% ] 140/150 VUs  11m03.0s/14m00.0s

running (11m04.0s), 140/150 VUs, 741929 complete and 0 interrupted iterations
default   [  79% ] 140/150 VUs  11m04.0s/14m00.0s

running (11m05.0s), 140/150 VUs, 744149 complete and 0 interrupted iterations
default   [  79% ] 140/150 VUs  11m05.0s/14m00.0s

running (11m06.0s), 140/150 VUs, 745563 complete and 0 interrupted iterations
default   [  79% ] 140/150 VUs  11m06.0s/14m00.0s

running (11m07.0s), 141/150 VUs, 747380 complete and 0 interrupted iterations
default   [  79% ] 141/150 VUs  11m07.0s/14m00.0s

running (11m08.0s), 141/150 VUs, 748689 complete and 0 interrupted iterations
default   [  80% ] 141/150 VUs  11m08.0s/14m00.0s

running (11m09.0s), 141/150 VUs, 749938 complete and 0 interrupted iterations
default   [  80% ] 141/150 VUs  11m09.0s/14m00.0s

running (11m10.0s), 141/150 VUs, 751203 complete and 0 interrupted iterations
default   [  80% ] 141/150 VUs  11m10.0s/14m00.0s

running (11m11.0s), 141/150 VUs, 752621 complete and 0 interrupted iterations
default   [  80% ] 141/150 VUs  11m11.0s/14m00.0s

running (11m12.0s), 141/150 VUs, 753567 complete and 0 interrupted iterations
default   [  80% ] 141/150 VUs  11m12.0s/14m00.0s

running (11m13.0s), 142/150 VUs, 755258 complete and 0 interrupted iterations
default   [  80% ] 142/150 VUs  11m13.0s/14m00.0s

running (11m14.0s), 142/150 VUs, 756782 complete and 0 interrupted iterations
default   [  80% ] 142/150 VUs  11m14.0s/14m00.0s

running (11m15.0s), 142/150 VUs, 758081 complete and 0 interrupted iterations
default   [  80% ] 142/150 VUs  11m15.0s/14m00.0s

running (11m16.0s), 142/150 VUs, 759587 complete and 0 interrupted iterations
default   [  80% ] 142/150 VUs  11m16.0s/14m00.0s

running (11m17.0s), 142/150 VUs, 760894 complete and 0 interrupted iterations
default   [  81% ] 142/150 VUs  11m17.0s/14m00.0s

running (11m18.0s), 142/150 VUs, 762290 complete and 0 interrupted iterations
default   [  81% ] 142/150 VUs  11m18.0s/14m00.0s

running (11m19.0s), 143/150 VUs, 763472 complete and 0 interrupted iterations
default   [  81% ] 143/150 VUs  11m19.0s/14m00.0s

running (11m20.0s), 143/150 VUs, 765275 complete and 0 interrupted iterations
default   [  81% ] 143/150 VUs  11m20.0s/14m00.0s

running (11m21.0s), 143/150 VUs, 766623 complete and 0 interrupted iterations
default   [  81% ] 143/150 VUs  11m21.0s/14m00.0s

running (11m22.0s), 143/150 VUs, 768125 complete and 0 interrupted iterations
default   [  81% ] 143/150 VUs  11m22.0s/14m00.0s

running (11m23.0s), 143/150 VUs, 769704 complete and 0 interrupted iterations
default   [  81% ] 143/150 VUs  11m23.0s/14m00.0s

running (11m24.0s), 143/150 VUs, 771028 complete and 0 interrupted iterations
default   [  81% ] 143/150 VUs  11m24.0s/14m00.0s

running (11m25.0s), 144/150 VUs, 772362 complete and 0 interrupted iterations
default   [  82% ] 144/150 VUs  11m25.0s/14m00.0s

running (11m26.0s), 144/150 VUs, 773929 complete and 0 interrupted iterations
default   [  82% ] 144/150 VUs  11m26.0s/14m00.0s

running (11m27.0s), 144/150 VUs, 775443 complete and 0 interrupted iterations
default   [  82% ] 144/150 VUs  11m27.0s/14m00.0s

running (11m28.0s), 144/150 VUs, 776960 complete and 0 interrupted iterations
default   [  82% ] 144/150 VUs  11m28.0s/14m00.0s

running (11m29.0s), 144/150 VUs, 778472 complete and 0 interrupted iterations
default   [  82% ] 144/150 VUs  11m29.0s/14m00.0s

running (11m30.0s), 144/150 VUs, 779850 complete and 0 interrupted iterations
default   [  82% ] 144/150 VUs  11m30.0s/14m00.0s

running (11m31.0s), 145/150 VUs, 781306 complete and 0 interrupted iterations
default   [  82% ] 145/150 VUs  11m31.0s/14m00.0s

running (11m32.0s), 145/150 VUs, 782779 complete and 0 interrupted iterations
default   [  82% ] 145/150 VUs  11m32.0s/14m00.0s

running (11m33.0s), 145/150 VUs, 784253 complete and 0 interrupted iterations
default   [  82% ] 145/150 VUs  11m33.0s/14m00.0s

running (11m34.0s), 145/150 VUs, 785943 complete and 0 interrupted iterations
default   [  83% ] 145/150 VUs  11m34.0s/14m00.0s

running (11m35.0s), 145/150 VUs, 787207 complete and 0 interrupted iterations
default   [  83% ] 145/150 VUs  11m35.0s/14m00.0s

running (11m36.0s), 145/150 VUs, 788310 complete and 0 interrupted iterations
default   [  83% ] 145/150 VUs  11m36.0s/14m00.0s

running (11m37.0s), 146/150 VUs, 789698 complete and 0 interrupted iterations
default   [  83% ] 146/150 VUs  11m37.0s/14m00.0s

running (11m38.0s), 146/150 VUs, 791199 complete and 0 interrupted iterations
default   [  83% ] 146/150 VUs  11m38.0s/14m00.0s

running (11m39.0s), 146/150 VUs, 792763 complete and 0 interrupted iterations
default   [  83% ] 146/150 VUs  11m39.0s/14m00.0s

running (11m40.0s), 146/150 VUs, 793159 complete and 0 interrupted iterations
default   [  83% ] 146/150 VUs  11m40.0s/14m00.0s

running (11m41.0s), 146/150 VUs, 793694 complete and 0 interrupted iterations
default   [  83% ] 146/150 VUs  11m41.0s/14m00.0s

running (11m42.0s), 146/150 VUs, 794287 complete and 0 interrupted iterations
default   [  84% ] 146/150 VUs  11m42.0s/14m00.0s

running (11m43.0s), 147/150 VUs, 794679 complete and 0 interrupted iterations
default   [  84% ] 147/150 VUs  11m43.0s/14m00.0s

running (11m44.0s), 147/150 VUs, 795035 complete and 0 interrupted iterations
default   [  84% ] 147/150 VUs  11m44.0s/14m00.0s

running (11m45.0s), 147/150 VUs, 795309 complete and 0 interrupted iterations
default   [  84% ] 147/150 VUs  11m45.0s/14m00.0s

running (11m46.0s), 147/150 VUs, 796105 complete and 0 interrupted iterations
default   [  84% ] 147/150 VUs  11m46.0s/14m00.0s

running (11m47.0s), 147/150 VUs, 796877 complete and 0 interrupted iterations
default   [  84% ] 147/150 VUs  11m47.0s/14m00.0s

running (11m48.0s), 147/150 VUs, 798301 complete and 0 interrupted iterations
default   [  84% ] 147/150 VUs  11m48.0s/14m00.0s

running (11m49.0s), 148/150 VUs, 798699 complete and 0 interrupted iterations
default   [  84% ] 148/150 VUs  11m49.0s/14m00.0s

running (11m50.0s), 148/150 VUs, 799282 complete and 0 interrupted iterations
default   [  85% ] 148/150 VUs  11m50.0s/14m00.0s

running (11m51.0s), 148/150 VUs, 799835 complete and 0 interrupted iterations
default   [  85% ] 148/150 VUs  11m51.0s/14m00.0s

running (11m52.0s), 148/150 VUs, 801038 complete and 0 interrupted iterations
default   [  85% ] 148/150 VUs  11m52.0s/14m00.0s

running (11m53.0s), 148/150 VUs, 801819 complete and 0 interrupted iterations
default   [  85% ] 148/150 VUs  11m53.0s/14m00.0s

running (11m54.0s), 148/150 VUs, 802372 complete and 0 interrupted iterations
default   [  85% ] 148/150 VUs  11m54.0s/14m00.0s

running (11m55.0s), 149/150 VUs, 803752 complete and 0 interrupted iterations
default   [  85% ] 149/150 VUs  11m55.0s/14m00.0s

running (11m56.0s), 149/150 VUs, 804744 complete and 0 interrupted iterations
default   [  85% ] 149/150 VUs  11m56.0s/14m00.0s

running (11m57.0s), 149/150 VUs, 806010 complete and 0 interrupted iterations
default   [  85% ] 149/150 VUs  11m57.0s/14m00.0s

running (11m58.0s), 149/150 VUs, 807477 complete and 0 interrupted iterations
default   [  85% ] 149/150 VUs  11m58.0s/14m00.0s

running (11m59.0s), 149/150 VUs, 808975 complete and 0 interrupted iterations
default   [  86% ] 149/150 VUs  11m59.0s/14m00.0s

running (12m00.0s), 149/150 VUs, 810344 complete and 0 interrupted iterations
default   [  86% ] 149/150 VUs  12m00.0s/14m00.0s

running (12m01.0s), 150/150 VUs, 811215 complete and 0 interrupted iterations
default   [  86% ] 150/150 VUs  12m01.0s/14m00.0s

running (12m02.0s), 148/150 VUs, 812788 complete and 0 interrupted iterations
default   [  86% ] 148/150 VUs  12m02.0s/14m00.0s

running (12m03.0s), 147/150 VUs, 814189 complete and 0 interrupted iterations
default   [  86% ] 147/150 VUs  12m03.0s/14m00.0s

running (12m04.0s), 146/150 VUs, 815565 complete and 0 interrupted iterations
default   [  86% ] 146/150 VUs  12m04.0s/14m00.0s

running (12m05.0s), 144/150 VUs, 817024 complete and 0 interrupted iterations
default   [  86% ] 144/150 VUs  12m05.0s/14m00.0s

running (12m06.0s), 143/150 VUs, 818265 complete and 0 interrupted iterations
default   [  86% ] 143/150 VUs  12m06.0s/14m00.0s

running (12m07.0s), 142/150 VUs, 819797 complete and 0 interrupted iterations
default   [  87% ] 142/150 VUs  12m07.0s/14m00.0s

running (12m08.0s), 141/150 VUs, 821393 complete and 0 interrupted iterations
default   [  87% ] 141/150 VUs  12m08.0s/14m00.0s

running (12m09.0s), 140/150 VUs, 822838 complete and 0 interrupted iterations
default   [  87% ] 140/150 VUs  12m09.0s/14m00.0s

running (12m10.0s), 138/150 VUs, 824007 complete and 0 interrupted iterations
default   [  87% ] 138/150 VUs  12m10.0s/14m00.0s

running (12m11.0s), 137/150 VUs, 825817 complete and 0 interrupted iterations
default   [  87% ] 137/150 VUs  12m11.0s/14m00.0s

running (12m12.0s), 136/150 VUs, 826986 complete and 0 interrupted iterations
default   [  87% ] 136/150 VUs  12m12.0s/14m00.0s

running (12m13.0s), 134/150 VUs, 828383 complete and 0 interrupted iterations
default   [  87% ] 134/150 VUs  12m13.0s/14m00.0s

running (12m14.0s), 133/150 VUs, 829967 complete and 0 interrupted iterations
default   [  87% ] 133/150 VUs  12m14.0s/14m00.0s

running (12m15.0s), 132/150 VUs, 831008 complete and 0 interrupted iterations
default   [  87% ] 132/150 VUs  12m15.0s/14m00.0s

running (12m16.0s), 131/150 VUs, 832368 complete and 0 interrupted iterations
default   [  88% ] 131/150 VUs  12m16.0s/14m00.0s

running (12m17.0s), 129/150 VUs, 833851 complete and 0 interrupted iterations
default   [  88% ] 129/150 VUs  12m17.0s/14m00.0s

running (12m18.0s), 128/150 VUs, 835143 complete and 0 interrupted iterations
default   [  88% ] 128/150 VUs  12m18.0s/14m00.0s

running (12m19.0s), 127/150 VUs, 836784 complete and 0 interrupted iterations
default   [  88% ] 127/150 VUs  12m19.0s/14m00.0s

running (12m20.0s), 126/150 VUs, 838088 complete and 0 interrupted iterations
default   [  88% ] 126/150 VUs  12m20.0s/14m00.0s

running (12m21.0s), 124/150 VUs, 839615 complete and 0 interrupted iterations
default   [  88% ] 124/150 VUs  12m21.0s/14m00.0s

running (12m22.0s), 123/150 VUs, 840526 complete and 0 interrupted iterations
default   [  88% ] 123/150 VUs  12m22.0s/14m00.0s

running (12m23.0s), 122/150 VUs, 841771 complete and 0 interrupted iterations
default   [  88% ] 122/150 VUs  12m23.0s/14m00.0s

running (12m24.0s), 121/150 VUs, 843386 complete and 0 interrupted iterations
default   [  89% ] 121/150 VUs  12m24.0s/14m00.0s

running (12m25.0s), 119/150 VUs, 844992 complete and 0 interrupted iterations
default   [  89% ] 119/150 VUs  12m25.0s/14m00.0s

running (12m26.0s), 118/150 VUs, 846541 complete and 0 interrupted iterations
default   [  89% ] 118/150 VUs  12m26.0s/14m00.0s

running (12m27.0s), 117/150 VUs, 847986 complete and 0 interrupted iterations
default   [  89% ] 117/150 VUs  12m27.0s/14m00.0s

running (12m28.0s), 116/150 VUs, 849143 complete and 0 interrupted iterations
default   [  89% ] 116/150 VUs  12m28.0s/14m00.0s

running (12m29.0s), 114/150 VUs, 850835 complete and 0 interrupted iterations
default   [  89% ] 114/150 VUs  12m29.0s/14m00.0s

running (12m30.0s), 113/150 VUs, 852297 complete and 0 interrupted iterations
default   [  89% ] 113/150 VUs  12m30.0s/14m00.0s

running (12m31.0s), 112/150 VUs, 853789 complete and 0 interrupted iterations
default   [  89% ] 112/150 VUs  12m31.0s/14m00.0s

running (12m32.0s), 111/150 VUs, 854180 complete and 0 interrupted iterations
default   [  90% ] 111/150 VUs  12m32.0s/14m00.0s

running (12m33.0s), 110/150 VUs, 854921 complete and 0 interrupted iterations
default   [  90% ] 110/150 VUs  12m33.0s/14m00.0s

running (12m34.0s), 108/150 VUs, 856493 complete and 0 interrupted iterations
default   [  90% ] 108/150 VUs  12m34.0s/14m00.0s

running (12m35.0s), 107/150 VUs, 857918 complete and 0 interrupted iterations
default   [  90% ] 107/150 VUs  12m35.0s/14m00.0s

running (12m36.0s), 106/150 VUs, 859433 complete and 0 interrupted iterations
default   [  90% ] 106/150 VUs  12m36.0s/14m00.0s

running (12m37.0s), 104/150 VUs, 860652 complete and 0 interrupted iterations
default   [  90% ] 104/150 VUs  12m37.0s/14m00.0s

running (12m38.0s), 103/150 VUs, 861975 complete and 0 interrupted iterations
default   [  90% ] 103/150 VUs  12m38.0s/14m00.0s

running (12m39.0s), 102/150 VUs, 863650 complete and 0 interrupted iterations
default   [  90% ] 102/150 VUs  12m39.0s/14m00.0s

running (12m40.0s), 101/150 VUs, 865143 complete and 0 interrupted iterations
default   [  90% ] 101/150 VUs  12m40.0s/14m00.0s

running (12m41.0s), 100/150 VUs, 866664 complete and 0 interrupted iterations
default   [  91% ] 100/150 VUs  12m41.0s/14m00.0s

running (12m42.0s), 098/150 VUs, 868083 complete and 0 interrupted iterations
default   [  91% ] 098/150 VUs  12m42.0s/14m00.0s

running (12m43.0s), 097/150 VUs, 869236 complete and 0 interrupted iterations
default   [  91% ] 097/150 VUs  12m43.0s/14m00.0s

running (12m44.0s), 096/150 VUs, 870404 complete and 0 interrupted iterations
default   [  91% ] 096/150 VUs  12m44.0s/14m00.0s

running (12m45.0s), 095/150 VUs, 871898 complete and 0 interrupted iterations
default   [  91% ] 095/150 VUs  12m45.0s/14m00.0s

running (12m46.0s), 093/150 VUs, 873267 complete and 0 interrupted iterations
default   [  91% ] 093/150 VUs  12m46.0s/14m00.0s

running (12m47.0s), 092/150 VUs, 874650 complete and 0 interrupted iterations
default   [  91% ] 092/150 VUs  12m47.0s/14m00.0s

running (12m48.0s), 091/150 VUs, 875783 complete and 0 interrupted iterations
default   [  91% ] 091/150 VUs  12m48.0s/14m00.0s

running (12m49.0s), 089/150 VUs, 877081 complete and 0 interrupted iterations
default   [  92% ] 089/150 VUs  12m49.0s/14m00.0s

running (12m50.0s), 088/150 VUs, 878221 complete and 0 interrupted iterations
default   [  92% ] 088/150 VUs  12m50.0s/14m00.0s

running (12m51.0s), 087/150 VUs, 879273 complete and 0 interrupted iterations
default   [  92% ] 087/150 VUs  12m51.0s/14m00.0s

running (12m52.0s), 086/150 VUs, 880482 complete and 0 interrupted iterations
default   [  92% ] 086/150 VUs  12m52.0s/14m00.0s

running (12m53.0s), 084/150 VUs, 881556 complete and 0 interrupted iterations
default   [  92% ] 084/150 VUs  12m53.0s/14m00.0s

running (12m54.0s), 083/150 VUs, 882618 complete and 0 interrupted iterations
default   [  92% ] 083/150 VUs  12m54.0s/14m00.0s

running (12m55.0s), 082/150 VUs, 883710 complete and 0 interrupted iterations
default   [  92% ] 082/150 VUs  12m55.0s/14m00.0s

running (12m56.0s), 081/150 VUs, 885159 complete and 0 interrupted iterations
default   [  92% ] 081/150 VUs  12m56.0s/14m00.0s

running (12m57.0s), 079/150 VUs, 886202 complete and 0 interrupted iterations
default   [  92% ] 079/150 VUs  12m57.0s/14m00.0s

running (12m58.0s), 079/150 VUs, 887223 complete and 0 interrupted iterations
default   [  93% ] 079/150 VUs  12m58.0s/14m00.0s

running (12m59.0s), 077/150 VUs, 888371 complete and 0 interrupted iterations
default   [  93% ] 077/150 VUs  12m59.0s/14m00.0s

running (13m00.0s), 076/150 VUs, 889779 complete and 0 interrupted iterations
default   [  93% ] 076/150 VUs  13m00.0s/14m00.0s

running (13m01.0s), 074/150 VUs, 891022 complete and 0 interrupted iterations
default   [  93% ] 074/150 VUs  13m01.0s/14m00.0s

running (13m02.0s), 073/150 VUs, 892563 complete and 0 interrupted iterations
default   [  93% ] 073/150 VUs  13m02.0s/14m00.0s

running (13m03.0s), 072/150 VUs, 893452 complete and 0 interrupted iterations
default   [  93% ] 072/150 VUs  13m03.0s/14m00.0s

running (13m04.0s), 071/150 VUs, 894942 complete and 0 interrupted iterations
default   [  93% ] 071/150 VUs  13m04.0s/14m00.0s

running (13m05.0s), 069/150 VUs, 896369 complete and 0 interrupted iterations
default   [  93% ] 069/150 VUs  13m05.0s/14m00.0s

running (13m06.0s), 068/150 VUs, 897523 complete and 0 interrupted iterations
default   [  94% ] 068/150 VUs  13m06.0s/14m00.0s

running (13m07.0s), 067/150 VUs, 898723 complete and 0 interrupted iterations
default   [  94% ] 067/150 VUs  13m07.0s/14m00.0s

running (13m08.0s), 066/150 VUs, 899444 complete and 0 interrupted iterations
default   [  94% ] 066/150 VUs  13m08.0s/14m00.0s

running (13m09.0s), 064/150 VUs, 901083 complete and 0 interrupted iterations
default   [  94% ] 064/150 VUs  13m09.0s/14m00.0s

running (13m10.0s), 063/150 VUs, 902352 complete and 0 interrupted iterations
default   [  94% ] 063/150 VUs  13m10.0s/14m00.0s

running (13m11.0s), 062/150 VUs, 903609 complete and 0 interrupted iterations
default   [  94% ] 062/150 VUs  13m11.0s/14m00.0s

running (13m12.0s), 061/150 VUs, 904982 complete and 0 interrupted iterations
default   [  94% ] 061/150 VUs  13m12.0s/14m00.0s

running (13m13.0s), 059/150 VUs, 906220 complete and 0 interrupted iterations
default   [  94% ] 059/150 VUs  13m13.0s/14m00.0s

running (13m14.0s), 058/150 VUs, 907692 complete and 0 interrupted iterations
default   [  95% ] 058/150 VUs  13m14.0s/14m00.0s

running (13m15.0s), 057/150 VUs, 909153 complete and 0 interrupted iterations
default   [  95% ] 057/150 VUs  13m15.0s/14m00.0s

running (13m16.0s), 056/150 VUs, 910573 complete and 0 interrupted iterations
default   [  95% ] 056/150 VUs  13m16.0s/14m00.0s

running (13m17.0s), 054/150 VUs, 911514 complete and 0 interrupted iterations
default   [  95% ] 054/150 VUs  13m17.0s/14m00.0s

running (13m18.0s), 053/150 VUs, 912941 complete and 0 interrupted iterations
default   [  95% ] 053/150 VUs  13m18.0s/14m00.0s

running (13m19.0s), 052/150 VUs, 914202 complete and 0 interrupted iterations
default   [  95% ] 052/150 VUs  13m19.0s/14m00.0s

running (13m20.0s), 051/150 VUs, 915622 complete and 0 interrupted iterations
default   [  95% ] 051/150 VUs  13m20.0s/14m00.0s

running (13m21.0s), 049/150 VUs, 916723 complete and 0 interrupted iterations
default   [  95% ] 049/150 VUs  13m21.0s/14m00.0s

running (13m22.0s), 048/150 VUs, 917923 complete and 0 interrupted iterations
default   [  95% ] 048/150 VUs  13m22.0s/14m00.0s

running (13m23.0s), 047/150 VUs, 919106 complete and 0 interrupted iterations
default   [  96% ] 047/150 VUs  13m23.0s/14m00.0s

running (13m24.0s), 046/150 VUs, 919936 complete and 0 interrupted iterations
default   [  96% ] 046/150 VUs  13m24.0s/14m00.0s

running (13m25.0s), 044/150 VUs, 921020 complete and 0 interrupted iterations
default   [  96% ] 044/150 VUs  13m25.0s/14m00.0s

running (13m26.0s), 044/150 VUs, 921953 complete and 0 interrupted iterations
default   [  96% ] 044/150 VUs  13m26.0s/14m00.0s

running (13m27.0s), 042/150 VUs, 923028 complete and 0 interrupted iterations
default   [  96% ] 042/150 VUs  13m27.0s/14m00.0s

running (13m28.0s), 041/150 VUs, 923782 complete and 0 interrupted iterations
default   [  96% ] 041/150 VUs  13m28.0s/14m00.0s

running (13m29.0s), 039/150 VUs, 925131 complete and 0 interrupted iterations
default   [  96% ] 039/150 VUs  13m29.0s/14m00.0s

running (13m30.0s), 038/150 VUs, 926197 complete and 0 interrupted iterations
default   [  96% ] 038/150 VUs  13m30.0s/14m00.0s

running (13m31.0s), 037/150 VUs, 927522 complete and 0 interrupted iterations
default   [  97% ] 037/150 VUs  13m31.0s/14m00.0s

running (13m32.0s), 036/150 VUs, 928575 complete and 0 interrupted iterations
default   [  97% ] 036/150 VUs  13m32.0s/14m00.0s

running (13m33.0s), 034/150 VUs, 929866 complete and 0 interrupted iterations
default   [  97% ] 034/150 VUs  13m33.0s/14m00.0s

running (13m34.0s), 033/150 VUs, 930768 complete and 0 interrupted iterations
default   [  97% ] 033/150 VUs  13m34.0s/14m00.0s

running (13m35.0s), 032/150 VUs, 931865 complete and 0 interrupted iterations
default   [  97% ] 032/150 VUs  13m35.0s/14m00.0s

running (13m36.0s), 031/150 VUs, 932972 complete and 0 interrupted iterations
default   [  97% ] 031/150 VUs  13m36.0s/14m00.0s

running (13m37.0s), 029/150 VUs, 933772 complete and 0 interrupted iterations
default   [  97% ] 029/150 VUs  13m37.0s/14m00.0s

running (13m38.0s), 028/150 VUs, 934865 complete and 0 interrupted iterations
default   [  97% ] 028/150 VUs  13m38.0s/14m00.0s

running (13m39.0s), 027/150 VUs, 935451 complete and 0 interrupted iterations
default   [  97% ] 027/150 VUs  13m39.0s/14m00.0s

running (13m40.0s), 026/150 VUs, 935847 complete and 0 interrupted iterations
default   [  98% ] 026/150 VUs  13m40.0s/14m00.0s

running (13m41.0s), 024/150 VUs, 936104 complete and 0 interrupted iterations
default   [  98% ] 024/150 VUs  13m41.0s/14m00.0s

running (13m42.0s), 023/150 VUs, 936569 complete and 0 interrupted iterations
default   [  98% ] 023/150 VUs  13m42.0s/14m00.0s

running (13m43.0s), 022/150 VUs, 936839 complete and 0 interrupted iterations
default   [  98% ] 022/150 VUs  13m43.0s/14m00.0s

running (13m44.0s), 021/150 VUs, 937038 complete and 0 interrupted iterations
default   [  98% ] 021/150 VUs  13m44.0s/14m00.0s

running (13m45.0s), 019/150 VUs, 937297 complete and 0 interrupted iterations
default   [  98% ] 019/150 VUs  13m45.0s/14m00.0s

running (13m46.0s), 018/150 VUs, 937733 complete and 0 interrupted iterations
default   [  98% ] 018/150 VUs  13m46.0s/14m00.0s

running (13m47.0s), 017/150 VUs, 937925 complete and 0 interrupted iterations
default   [  98% ] 017/150 VUs  13m47.0s/14m00.0s

running (13m48.0s), 016/150 VUs, 938144 complete and 0 interrupted iterations
default   [  99% ] 016/150 VUs  13m48.0s/14m00.0s

running (13m49.0s), 014/150 VUs, 938607 complete and 0 interrupted iterations
default   [  99% ] 014/150 VUs  13m49.0s/14m00.0s

running (13m50.0s), 013/150 VUs, 938737 complete and 0 interrupted iterations
default   [  99% ] 013/150 VUs  13m50.0s/14m00.0s

running (13m51.0s), 012/150 VUs, 938935 complete and 0 interrupted iterations
default   [  99% ] 012/150 VUs  13m51.0s/14m00.0s

running (13m52.0s), 011/150 VUs, 939086 complete and 0 interrupted iterations
default   [  99% ] 011/150 VUs  13m52.0s/14m00.0s

running (13m53.0s), 010/150 VUs, 939209 complete and 0 interrupted iterations
default   [  99% ] 010/150 VUs  13m53.0s/14m00.0s

running (13m54.0s), 009/150 VUs, 939323 complete and 0 interrupted iterations
default   [  99% ] 009/150 VUs  13m54.0s/14m00.0s

running (13m55.0s), 008/150 VUs, 939435 complete and 0 interrupted iterations
default   [  99% ] 008/150 VUs  13m55.0s/14m00.0s

running (13m56.0s), 007/150 VUs, 939525 complete and 0 interrupted iterations
default   [ 100% ] 007/150 VUs  13m56.0s/14m00.0s

running (13m57.0s), 006/150 VUs, 939566 complete and 0 interrupted iterations
default   [ 100% ] 006/150 VUs  13m57.0s/14m00.0s

running (13m58.0s), 004/150 VUs, 939618 complete and 0 interrupted iterations
default   [ 100% ] 004/150 VUs  13m58.0s/14m00.0s

running (13m59.0s), 003/150 VUs, 939660 complete and 0 interrupted iterations
default   [ 100% ] 003/150 VUs  13m59.0s/14m00.0s

running (14m00.0s), 002/150 VUs, 939679 complete and 0 interrupted iterations
default   [ 100% ] 002/150 VUs  14m00.0s/14m00.0s

running (14m01.0s), 001/150 VUs, 939680 complete and 0 interrupted iterations
default ↓ [ 100% ] 002/150 VUs  14m0s

running (14m02.0s), 001/150 VUs, 939680 complete and 0 interrupted iterations
default ↓ [ 100% ] 002/150 VUs  14m0s

running (14m03.0s), 001/150 VUs, 939680 complete and 0 interrupted iterations
default ↓ [ 100% ] 002/150 VUs  14m0s

running (14m04.0s), 001/150 VUs, 939680 complete and 0 interrupted iterations
default ↓ [ 100% ] 002/150 VUs  14m0s

running (14m05.0s), 001/150 VUs, 939680 complete and 0 interrupted iterations
default ↓ [ 100% ] 002/150 VUs  14m0s

running (14m06.0s), 001/150 VUs, 939680 complete and 0 interrupted iterations
default ↓ [ 100% ] 002/150 VUs  14m0s

running (14m07.0s), 001/150 VUs, 939680 complete and 0 interrupted iterations
default ↓ [ 100% ] 002/150 VUs  14m0s

running (14m08.0s), 001/150 VUs, 939680 complete and 0 interrupted iterations
default ↓ [ 100% ] 002/150 VUs  14m0s

running (14m09.0s), 001/150 VUs, 939680 complete and 0 interrupted iterations
default ↓ [ 100% ] 002/150 VUs  14m0s

running (14m10.0s), 001/150 VUs, 939680 complete and 0 interrupted iterations
default ↓ [ 100% ] 002/150 VUs  14m0s

running (14m11.0s), 001/150 VUs, 939680 complete and 0 interrupted iterations
default ↓ [ 100% ] 002/150 VUs  14m0s

running (14m12.0s), 001/150 VUs, 939680 complete and 0 interrupted iterations
default ↓ [ 100% ] 002/150 VUs  14m0s
time="2026-05-01T15:44:36+03:00" level=warning msg="Request Failed" error="Post \"http://178.236.25.152/api/v1/orders\": request timeout"
time="2026-05-01T15:44:36+03:00" level=info msg="\n=== СВОДКА BASELINE ===" source=console
time="2026-05-01T15:44:36+03:00" level=info msg="Всего запросов: 939681" source=console
time="2026-05-01T15:44:36+03:00" level=info msg="RPS: 1102.5" source=console
time="2026-05-01T15:44:36+03:00" level=info msg="Ошибок: 0.00%" source=console
time="2026-05-01T15:44:36+03:00" level=info msg="p95: 316.3ms" source=console
time="2026-05-01T15:44:36+03:00" level=info msg="p99: 439.4ms" source=console

running (14m12.3s), 000/150 VUs, 939681 complete and 0 interrupted iterations
default ✓ [ 100% ] 000/150 VUs  14m0s
