
         /\      Grafana   /‾‾/  
    /\  /  \     |\  __   /  /   
   /  \/    \    | |/ /  /   ‾‾\ 
  /          \   |   (  |  (‾)  |
 / __________ \  |_|\_\  \_____/ 


     execution: local
        script: k6/loadtest/stress.js
        output: -

     scenarios: (100.00%) 1 scenario, 150 max VUs, 14m30s max duration (incl. graceful stop):
              * default: Up to 150 looping VUs for 14m0s over 4 stages (gracefulRampDown: 30s, gracefulStop: 30s)


running (00m01.0s), 001/150 VUs, 36 complete and 0 interrupted iterations
default   [   0% ] 001/150 VUs  00m01.0s/14m00.0s

running (00m02.0s), 001/150 VUs, 134 complete and 0 interrupted iterations
default   [   0% ] 001/150 VUs  00m02.0s/14m00.0s

running (00m03.0s), 002/150 VUs, 290 complete and 0 interrupted iterations
default   [   0% ] 002/150 VUs  00m03.0s/14m00.0s

running (00m04.0s), 002/150 VUs, 526 complete and 0 interrupted iterations
default   [   0% ] 002/150 VUs  00m04.0s/14m00.0s

running (00m05.0s), 003/150 VUs, 709 complete and 0 interrupted iterations
default   [   1% ] 003/150 VUs  00m05.0s/14m00.0s

running (00m06.0s), 003/150 VUs, 955 complete and 0 interrupted iterations
default   [   1% ] 003/150 VUs  00m06.0s/14m00.0s

running (00m07.0s), 003/150 VUs, 1301 complete and 0 interrupted iterations
default   [   1% ] 003/150 VUs  00m07.0s/14m00.0s

running (00m08.0s), 004/150 VUs, 1671 complete and 0 interrupted iterations
default   [   1% ] 004/150 VUs  00m08.0s/14m00.0s

running (00m09.0s), 004/150 VUs, 2158 complete and 0 interrupted iterations
default   [   1% ] 004/150 VUs  00m09.0s/14m00.0s

running (00m10.0s), 005/150 VUs, 2540 complete and 0 interrupted iterations
default   [   1% ] 005/150 VUs  00m10.0s/14m00.0s

running (00m11.0s), 005/150 VUs, 3053 complete and 0 interrupted iterations
default   [   1% ] 005/150 VUs  00m11.0s/14m00.0s

running (00m12.0s), 005/150 VUs, 3579 complete and 0 interrupted iterations
default   [   1% ] 005/150 VUs  00m12.0s/14m00.0s

running (00m13.0s), 006/150 VUs, 4209 complete and 0 interrupted iterations
default   [   2% ] 006/150 VUs  00m13.0s/14m00.0s

running (00m14.0s), 006/150 VUs, 4838 complete and 0 interrupted iterations
default   [   2% ] 006/150 VUs  00m14.0s/14m00.0s

running (00m15.0s), 007/150 VUs, 5555 complete and 0 interrupted iterations
default   [   2% ] 007/150 VUs  00m15.0s/14m00.0s

running (00m16.0s), 007/150 VUs, 6261 complete and 0 interrupted iterations
default   [   2% ] 007/150 VUs  00m16.0s/14m00.0s

running (00m17.0s), 007/150 VUs, 6985 complete and 0 interrupted iterations
default   [   2% ] 007/150 VUs  00m17.0s/14m00.0s

running (00m18.0s), 008/150 VUs, 7643 complete and 0 interrupted iterations
default   [   2% ] 008/150 VUs  00m18.0s/14m00.0s

running (00m19.0s), 008/150 VUs, 8309 complete and 0 interrupted iterations
default   [   2% ] 008/150 VUs  00m19.0s/14m00.0s

running (00m20.0s), 009/150 VUs, 8958 complete and 0 interrupted iterations
default   [   2% ] 009/150 VUs  00m20.0s/14m00.0s

running (00m21.0s), 009/150 VUs, 9922 complete and 0 interrupted iterations
default   [   2% ] 009/150 VUs  00m21.0s/14m00.0s

running (00m22.0s), 009/150 VUs, 10435 complete and 0 interrupted iterations
default   [   3% ] 009/150 VUs  00m22.0s/14m00.0s

running (00m23.0s), 010/150 VUs, 10852 complete and 0 interrupted iterations
default   [   3% ] 010/150 VUs  00m23.0s/14m00.0s

running (00m24.0s), 010/150 VUs, 11531 complete and 0 interrupted iterations
default   [   3% ] 010/150 VUs  00m24.0s/14m00.0s

running (00m25.0s), 011/150 VUs, 12290 complete and 0 interrupted iterations
default   [   3% ] 011/150 VUs  00m25.0s/14m00.0s

running (00m26.0s), 011/150 VUs, 12875 complete and 0 interrupted iterations
default   [   3% ] 011/150 VUs  00m26.0s/14m00.0s

running (00m27.0s), 012/150 VUs, 13641 complete and 0 interrupted iterations
default   [   3% ] 012/150 VUs  00m27.0s/14m00.0s

running (00m28.0s), 012/150 VUs, 14234 complete and 0 interrupted iterations
default   [   3% ] 012/150 VUs  00m28.0s/14m00.0s

running (00m29.0s), 012/150 VUs, 14837 complete and 0 interrupted iterations
default   [   3% ] 012/150 VUs  00m29.0s/14m00.0s

running (00m30.0s), 013/150 VUs, 15604 complete and 0 interrupted iterations
default   [   4% ] 013/150 VUs  00m30.0s/14m00.0s

running (00m31.0s), 013/150 VUs, 16225 complete and 0 interrupted iterations
default   [   4% ] 013/150 VUs  00m31.0s/14m00.0s

running (00m32.0s), 014/150 VUs, 16853 complete and 0 interrupted iterations
default   [   4% ] 014/150 VUs  00m32.0s/14m00.0s

running (00m33.0s), 014/150 VUs, 17046 complete and 0 interrupted iterations
default   [   4% ] 014/150 VUs  00m33.0s/14m00.0s

running (00m34.0s), 014/150 VUs, 17780 complete and 0 interrupted iterations
default   [   4% ] 014/150 VUs  00m34.0s/14m00.0s

running (00m35.0s), 015/150 VUs, 18644 complete and 0 interrupted iterations
default   [   4% ] 015/150 VUs  00m35.0s/14m00.0s

running (00m36.0s), 015/150 VUs, 19150 complete and 0 interrupted iterations
default   [   4% ] 015/150 VUs  00m36.0s/14m00.0s

running (00m37.0s), 016/150 VUs, 19916 complete and 0 interrupted iterations
default   [   4% ] 016/150 VUs  00m37.0s/14m00.0s

running (00m38.0s), 016/150 VUs, 20419 complete and 0 interrupted iterations
default   [   5% ] 016/150 VUs  00m38.0s/14m00.0s

running (00m39.0s), 016/150 VUs, 21117 complete and 0 interrupted iterations
default   [   5% ] 016/150 VUs  00m39.0s/14m00.0s

running (00m40.0s), 017/150 VUs, 21661 complete and 0 interrupted iterations
default   [   5% ] 017/150 VUs  00m40.0s/14m00.0s

running (00m41.0s), 017/150 VUs, 22495 complete and 0 interrupted iterations
default   [   5% ] 017/150 VUs  00m41.0s/14m00.0s

running (00m42.0s), 018/150 VUs, 23401 complete and 0 interrupted iterations
default   [   5% ] 018/150 VUs  00m42.0s/14m00.0s

running (00m43.0s), 018/150 VUs, 23849 complete and 0 interrupted iterations
default   [   5% ] 018/150 VUs  00m43.0s/14m00.0s

running (00m44.0s), 018/150 VUs, 24676 complete and 0 interrupted iterations
default   [   5% ] 018/150 VUs  00m44.0s/14m00.0s

running (00m45.0s), 019/150 VUs, 25131 complete and 0 interrupted iterations
default   [   5% ] 019/150 VUs  00m45.0s/14m00.0s

running (00m46.0s), 019/150 VUs, 25718 complete and 0 interrupted iterations
default   [   5% ] 019/150 VUs  00m46.0s/14m00.0s

running (00m47.0s), 020/150 VUs, 26593 complete and 0 interrupted iterations
default   [   6% ] 020/150 VUs  00m47.0s/14m00.0s

running (00m48.0s), 020/150 VUs, 27201 complete and 0 interrupted iterations
default   [   6% ] 020/150 VUs  00m48.0s/14m00.0s

running (00m49.0s), 021/150 VUs, 27895 complete and 0 interrupted iterations
default   [   6% ] 021/150 VUs  00m49.0s/14m00.0s

running (00m50.0s), 021/150 VUs, 28503 complete and 0 interrupted iterations
default   [   6% ] 021/150 VUs  00m50.0s/14m00.0s

running (00m51.0s), 021/150 VUs, 29247 complete and 0 interrupted iterations
default   [   6% ] 021/150 VUs  00m51.0s/14m00.0s

running (00m52.0s), 022/150 VUs, 30035 complete and 0 interrupted iterations
default   [   6% ] 022/150 VUs  00m52.0s/14m00.0s

running (00m53.0s), 022/150 VUs, 30755 complete and 0 interrupted iterations
default   [   6% ] 022/150 VUs  00m53.0s/14m00.0s

running (00m54.0s), 023/150 VUs, 31569 complete and 0 interrupted iterations
default   [   6% ] 023/150 VUs  00m54.0s/14m00.0s

running (00m55.0s), 023/150 VUs, 32220 complete and 0 interrupted iterations
default   [   7% ] 023/150 VUs  00m55.0s/14m00.0s

running (00m56.0s), 023/150 VUs, 32968 complete and 0 interrupted iterations
default   [   7% ] 023/150 VUs  00m56.0s/14m00.0s

running (00m57.0s), 024/150 VUs, 33650 complete and 0 interrupted iterations
default   [   7% ] 024/150 VUs  00m57.0s/14m00.0s

running (00m58.0s), 024/150 VUs, 34393 complete and 0 interrupted iterations
default   [   7% ] 024/150 VUs  00m58.0s/14m00.0s

running (00m59.0s), 025/150 VUs, 35025 complete and 0 interrupted iterations
default   [   7% ] 025/150 VUs  00m59.0s/14m00.0s

running (01m00.0s), 025/150 VUs, 35720 complete and 0 interrupted iterations
default   [   7% ] 025/150 VUs  01m00.0s/14m00.0s

running (01m01.0s), 025/150 VUs, 36418 complete and 0 interrupted iterations
default   [   7% ] 025/150 VUs  01m01.0s/14m00.0s

running (01m02.0s), 026/150 VUs, 37137 complete and 0 interrupted iterations
default   [   7% ] 026/150 VUs  01m02.0s/14m00.0s

running (01m03.0s), 026/150 VUs, 37845 complete and 0 interrupted iterations
default   [   7% ] 026/150 VUs  01m03.0s/14m00.0s

running (01m04.0s), 027/150 VUs, 38284 complete and 0 interrupted iterations
default   [   8% ] 027/150 VUs  01m04.0s/14m00.0s

running (01m05.0s), 027/150 VUs, 39125 complete and 0 interrupted iterations
default   [   8% ] 027/150 VUs  01m05.0s/14m00.0s

running (01m06.0s), 027/150 VUs, 39808 complete and 0 interrupted iterations
default   [   8% ] 027/150 VUs  01m06.0s/14m00.0s

running (01m07.0s), 028/150 VUs, 40585 complete and 0 interrupted iterations
default   [   8% ] 028/150 VUs  01m07.0s/14m00.0s

running (01m08.0s), 028/150 VUs, 41181 complete and 0 interrupted iterations
default   [   8% ] 028/150 VUs  01m08.0s/14m00.0s

running (01m09.0s), 029/150 VUs, 41957 complete and 0 interrupted iterations
default   [   8% ] 029/150 VUs  01m09.0s/14m00.0s

running (01m10.0s), 029/150 VUs, 42578 complete and 0 interrupted iterations
default   [   8% ] 029/150 VUs  01m10.0s/14m00.0s

running (01m11.0s), 029/150 VUs, 43370 complete and 0 interrupted iterations
default   [   8% ] 029/150 VUs  01m11.0s/14m00.0s

running (01m12.0s), 030/150 VUs, 44090 complete and 0 interrupted iterations
default   [   9% ] 030/150 VUs  01m12.0s/14m00.0s

running (01m13.0s), 030/150 VUs, 44726 complete and 0 interrupted iterations
default   [   9% ] 030/150 VUs  01m13.0s/14m00.0s

running (01m14.0s), 031/150 VUs, 45492 complete and 0 interrupted iterations
default   [   9% ] 031/150 VUs  01m14.0s/14m00.0s

running (01m15.0s), 031/150 VUs, 46317 complete and 0 interrupted iterations
default   [   9% ] 031/150 VUs  01m15.0s/14m00.0s

running (01m16.0s), 032/150 VUs, 46885 complete and 0 interrupted iterations
default   [   9% ] 032/150 VUs  01m16.0s/14m00.0s

running (01m17.0s), 032/150 VUs, 47699 complete and 0 interrupted iterations
default   [   9% ] 032/150 VUs  01m17.0s/14m00.0s

running (01m18.0s), 032/150 VUs, 48223 complete and 0 interrupted iterations
default   [   9% ] 032/150 VUs  01m18.0s/14m00.0s

running (01m19.0s), 033/150 VUs, 48796 complete and 0 interrupted iterations
default   [   9% ] 033/150 VUs  01m19.0s/14m00.0s

running (01m20.0s), 033/150 VUs, 49529 complete and 0 interrupted iterations
default   [  10% ] 033/150 VUs  01m20.0s/14m00.0s

running (01m21.0s), 034/150 VUs, 50357 complete and 0 interrupted iterations
default   [  10% ] 034/150 VUs  01m21.0s/14m00.0s

running (01m22.0s), 034/150 VUs, 51029 complete and 0 interrupted iterations
default   [  10% ] 034/150 VUs  01m22.0s/14m00.0s

running (01m23.0s), 034/150 VUs, 51534 complete and 0 interrupted iterations
default   [  10% ] 034/150 VUs  01m23.0s/14m00.0s

running (01m24.0s), 035/150 VUs, 52394 complete and 0 interrupted iterations
default   [  10% ] 035/150 VUs  01m24.0s/14m00.0s

running (01m25.0s), 035/150 VUs, 52826 complete and 0 interrupted iterations
default   [  10% ] 035/150 VUs  01m25.0s/14m00.0s

running (01m26.0s), 036/150 VUs, 53720 complete and 0 interrupted iterations
default   [  10% ] 036/150 VUs  01m26.0s/14m00.0s

running (01m27.0s), 036/150 VUs, 54061 complete and 0 interrupted iterations
default   [  10% ] 036/150 VUs  01m27.0s/14m00.0s

running (01m28.0s), 036/150 VUs, 55054 complete and 0 interrupted iterations
default   [  10% ] 036/150 VUs  01m28.0s/14m00.0s

running (01m29.0s), 037/150 VUs, 55390 complete and 0 interrupted iterations
default   [  11% ] 037/150 VUs  01m29.0s/14m00.0s

running (01m30.0s), 037/150 VUs, 56269 complete and 0 interrupted iterations
default   [  11% ] 037/150 VUs  01m30.0s/14m00.0s

running (01m31.0s), 038/150 VUs, 57055 complete and 0 interrupted iterations
default   [  11% ] 038/150 VUs  01m31.0s/14m00.0s

running (01m32.0s), 038/150 VUs, 57765 complete and 0 interrupted iterations
default   [  11% ] 038/150 VUs  01m32.0s/14m00.0s

running (01m33.0s), 038/150 VUs, 58501 complete and 0 interrupted iterations
default   [  11% ] 038/150 VUs  01m33.0s/14m00.0s

running (01m34.0s), 039/150 VUs, 59186 complete and 0 interrupted iterations
default   [  11% ] 039/150 VUs  01m34.0s/14m00.0s

running (01m35.0s), 039/150 VUs, 59780 complete and 0 interrupted iterations
default   [  11% ] 039/150 VUs  01m35.0s/14m00.0s

running (01m36.0s), 040/150 VUs, 60574 complete and 0 interrupted iterations
default   [  11% ] 040/150 VUs  01m36.0s/14m00.0s

running (01m37.0s), 040/150 VUs, 61122 complete and 0 interrupted iterations
default   [  12% ] 040/150 VUs  01m37.0s/14m00.0s

running (01m38.0s), 041/150 VUs, 61790 complete and 0 interrupted iterations
default   [  12% ] 041/150 VUs  01m38.0s/14m00.0s

running (01m39.0s), 041/150 VUs, 62442 complete and 0 interrupted iterations
default   [  12% ] 041/150 VUs  01m39.0s/14m00.0s

running (01m40.0s), 041/150 VUs, 63262 complete and 0 interrupted iterations
default   [  12% ] 041/150 VUs  01m40.0s/14m00.0s

running (01m41.0s), 042/150 VUs, 63848 complete and 0 interrupted iterations
default   [  12% ] 042/150 VUs  01m41.0s/14m00.0s

running (01m42.0s), 042/150 VUs, 64500 complete and 0 interrupted iterations
default   [  12% ] 042/150 VUs  01m42.0s/14m00.0s

running (01m43.0s), 043/150 VUs, 65184 complete and 0 interrupted iterations
default   [  12% ] 043/150 VUs  01m43.0s/14m00.0s

running (01m44.0s), 043/150 VUs, 65954 complete and 0 interrupted iterations
default   [  12% ] 043/150 VUs  01m44.0s/14m00.0s

running (01m45.0s), 043/150 VUs, 66634 complete and 0 interrupted iterations
default   [  12% ] 043/150 VUs  01m45.0s/14m00.0s

running (01m46.0s), 044/150 VUs, 67359 complete and 0 interrupted iterations
default   [  13% ] 044/150 VUs  01m46.0s/14m00.0s

running (01m47.0s), 044/150 VUs, 68092 complete and 0 interrupted iterations
default   [  13% ] 044/150 VUs  01m47.0s/14m00.0s

running (01m48.0s), 045/150 VUs, 68911 complete and 0 interrupted iterations
default   [  13% ] 045/150 VUs  01m48.0s/14m00.0s

running (01m49.0s), 045/150 VUs, 69389 complete and 0 interrupted iterations
default   [  13% ] 045/150 VUs  01m49.0s/14m00.0s

running (01m50.0s), 045/150 VUs, 70176 complete and 0 interrupted iterations
default   [  13% ] 045/150 VUs  01m50.0s/14m00.0s

running (01m51.0s), 046/150 VUs, 71150 complete and 0 interrupted iterations
default   [  13% ] 046/150 VUs  01m51.0s/14m00.0s

running (01m52.0s), 046/150 VUs, 71783 complete and 0 interrupted iterations
default   [  13% ] 046/150 VUs  01m52.0s/14m00.0s

running (01m53.0s), 047/150 VUs, 72514 complete and 0 interrupted iterations
default   [  13% ] 047/150 VUs  01m53.0s/14m00.0s

running (01m54.0s), 047/150 VUs, 73258 complete and 0 interrupted iterations
default   [  14% ] 047/150 VUs  01m54.0s/14m00.0s

running (01m55.0s), 047/150 VUs, 73998 complete and 0 interrupted iterations
default   [  14% ] 047/150 VUs  01m55.0s/14m00.0s

running (01m56.0s), 048/150 VUs, 74717 complete and 0 interrupted iterations
default   [  14% ] 048/150 VUs  01m56.0s/14m00.0s

running (01m57.0s), 048/150 VUs, 75462 complete and 0 interrupted iterations
default   [  14% ] 048/150 VUs  01m57.0s/14m00.0s

running (01m58.0s), 049/150 VUs, 76167 complete and 0 interrupted iterations
default   [  14% ] 049/150 VUs  01m58.0s/14m00.0s

running (01m59.0s), 049/150 VUs, 76843 complete and 0 interrupted iterations
default   [  14% ] 049/150 VUs  01m59.0s/14m00.0s

running (02m00.0s), 049/150 VUs, 77596 complete and 0 interrupted iterations
default   [  14% ] 049/150 VUs  02m00.0s/14m00.0s

running (02m01.0s), 050/150 VUs, 78488 complete and 0 interrupted iterations
default   [  14% ] 050/150 VUs  02m01.0s/14m00.0s

running (02m02.0s), 050/150 VUs, 79251 complete and 0 interrupted iterations
default   [  15% ] 050/150 VUs  02m02.0s/14m00.0s

running (02m03.0s), 050/150 VUs, 79846 complete and 0 interrupted iterations
default   [  15% ] 050/150 VUs  02m03.0s/14m00.0s

running (02m04.0s), 050/150 VUs, 80670 complete and 0 interrupted iterations
default   [  15% ] 050/150 VUs  02m04.0s/14m00.0s

running (02m05.0s), 050/150 VUs, 81348 complete and 0 interrupted iterations
default   [  15% ] 050/150 VUs  02m05.0s/14m00.0s

running (02m06.0s), 050/150 VUs, 82191 complete and 0 interrupted iterations
default   [  15% ] 050/150 VUs  02m06.0s/14m00.0s

running (02m07.0s), 051/150 VUs, 82965 complete and 0 interrupted iterations
default   [  15% ] 051/150 VUs  02m07.0s/14m00.0s

running (02m08.0s), 051/150 VUs, 83611 complete and 0 interrupted iterations
default   [  15% ] 051/150 VUs  02m08.0s/14m00.0s

running (02m09.0s), 051/150 VUs, 84347 complete and 0 interrupted iterations
default   [  15% ] 051/150 VUs  02m09.0s/14m00.0s

running (02m10.0s), 051/150 VUs, 85149 complete and 0 interrupted iterations
default   [  15% ] 051/150 VUs  02m10.0s/14m00.0s

running (02m11.0s), 051/150 VUs, 85946 complete and 0 interrupted iterations
default   [  16% ] 051/150 VUs  02m11.0s/14m00.0s

running (02m12.0s), 051/150 VUs, 86583 complete and 0 interrupted iterations
default   [  16% ] 051/150 VUs  02m12.0s/14m00.0s

running (02m13.0s), 052/150 VUs, 87274 complete and 0 interrupted iterations
default   [  16% ] 052/150 VUs  02m13.0s/14m00.0s

running (02m14.0s), 052/150 VUs, 88034 complete and 0 interrupted iterations
default   [  16% ] 052/150 VUs  02m14.0s/14m00.0s

running (02m15.0s), 052/150 VUs, 88877 complete and 0 interrupted iterations
default   [  16% ] 052/150 VUs  02m15.0s/14m00.0s

running (02m16.0s), 052/150 VUs, 89484 complete and 0 interrupted iterations
default   [  16% ] 052/150 VUs  02m16.0s/14m00.0s

running (02m17.0s), 052/150 VUs, 90347 complete and 0 interrupted iterations
default   [  16% ] 052/150 VUs  02m17.0s/14m00.0s

running (02m18.0s), 052/150 VUs, 90864 complete and 0 interrupted iterations
default   [  16% ] 052/150 VUs  02m18.0s/14m00.0s

running (02m19.0s), 053/150 VUs, 91765 complete and 0 interrupted iterations
default   [  17% ] 053/150 VUs  02m19.0s/14m00.0s

running (02m20.0s), 053/150 VUs, 92580 complete and 0 interrupted iterations
default   [  17% ] 053/150 VUs  02m20.0s/14m00.0s

running (02m21.0s), 053/150 VUs, 93251 complete and 0 interrupted iterations
default   [  17% ] 053/150 VUs  02m21.0s/14m00.0s

running (02m22.0s), 053/150 VUs, 94072 complete and 0 interrupted iterations
default   [  17% ] 053/150 VUs  02m22.0s/14m00.0s

running (02m23.0s), 053/150 VUs, 94902 complete and 0 interrupted iterations
default   [  17% ] 053/150 VUs  02m23.0s/14m00.0s

running (02m24.0s), 053/150 VUs, 95515 complete and 0 interrupted iterations
default   [  17% ] 053/150 VUs  02m24.0s/14m00.0s

running (02m25.0s), 054/150 VUs, 96183 complete and 0 interrupted iterations
default   [  17% ] 054/150 VUs  02m25.0s/14m00.0s

running (02m26.0s), 054/150 VUs, 96707 complete and 0 interrupted iterations
default   [  17% ] 054/150 VUs  02m26.0s/14m00.0s

running (02m27.0s), 054/150 VUs, 97693 complete and 0 interrupted iterations
default   [  17% ] 054/150 VUs  02m27.0s/14m00.0s

running (02m28.0s), 054/150 VUs, 98302 complete and 0 interrupted iterations
default   [  18% ] 054/150 VUs  02m28.0s/14m00.0s

running (02m29.0s), 054/150 VUs, 99272 complete and 0 interrupted iterations
default   [  18% ] 054/150 VUs  02m29.0s/14m00.0s

running (02m30.0s), 054/150 VUs, 99941 complete and 0 interrupted iterations
default   [  18% ] 054/150 VUs  02m30.0s/14m00.0s

running (02m31.0s), 055/150 VUs, 100692 complete and 0 interrupted iterations
default   [  18% ] 055/150 VUs  02m31.0s/14m00.0s

running (02m32.0s), 055/150 VUs, 101176 complete and 0 interrupted iterations
default   [  18% ] 055/150 VUs  02m32.0s/14m00.0s

running (02m33.0s), 055/150 VUs, 102156 complete and 0 interrupted iterations
default   [  18% ] 055/150 VUs  02m33.0s/14m00.0s

running (02m34.0s), 055/150 VUs, 102812 complete and 0 interrupted iterations
default   [  18% ] 055/150 VUs  02m34.0s/14m00.0s

running (02m35.0s), 055/150 VUs, 103678 complete and 0 interrupted iterations
default   [  18% ] 055/150 VUs  02m35.0s/14m00.0s

running (02m36.0s), 055/150 VUs, 104487 complete and 0 interrupted iterations
default   [  19% ] 055/150 VUs  02m36.0s/14m00.0s

running (02m37.0s), 056/150 VUs, 105224 complete and 0 interrupted iterations
default   [  19% ] 056/150 VUs  02m37.0s/14m00.0s

running (02m38.0s), 056/150 VUs, 105813 complete and 0 interrupted iterations
default   [  19% ] 056/150 VUs  02m38.0s/14m00.0s

running (02m39.0s), 056/150 VUs, 106611 complete and 0 interrupted iterations
default   [  19% ] 056/150 VUs  02m39.0s/14m00.0s

running (02m40.0s), 056/150 VUs, 107345 complete and 0 interrupted iterations
default   [  19% ] 056/150 VUs  02m40.0s/14m00.0s

running (02m41.0s), 056/150 VUs, 108010 complete and 0 interrupted iterations
default   [  19% ] 056/150 VUs  02m41.0s/14m00.0s

running (02m42.0s), 056/150 VUs, 108777 complete and 0 interrupted iterations
default   [  19% ] 056/150 VUs  02m42.0s/14m00.0s

running (02m43.0s), 057/150 VUs, 109529 complete and 0 interrupted iterations
default   [  19% ] 057/150 VUs  02m43.0s/14m00.0s

running (02m44.0s), 057/150 VUs, 110208 complete and 0 interrupted iterations
default   [  20% ] 057/150 VUs  02m44.0s/14m00.0s

running (02m45.0s), 057/150 VUs, 110981 complete and 0 interrupted iterations
default   [  20% ] 057/150 VUs  02m45.0s/14m00.0s

running (02m46.0s), 057/150 VUs, 111720 complete and 0 interrupted iterations
default   [  20% ] 057/150 VUs  02m46.0s/14m00.0s

running (02m47.0s), 057/150 VUs, 112480 complete and 0 interrupted iterations
default   [  20% ] 057/150 VUs  02m47.0s/14m00.0s

running (02m48.0s), 057/150 VUs, 113282 complete and 0 interrupted iterations
default   [  20% ] 057/150 VUs  02m48.0s/14m00.0s

running (02m49.0s), 058/150 VUs, 114056 complete and 0 interrupted iterations
default   [  20% ] 058/150 VUs  02m49.0s/14m00.0s

running (02m50.0s), 058/150 VUs, 114871 complete and 0 interrupted iterations
default   [  20% ] 058/150 VUs  02m50.0s/14m00.0s

running (02m51.0s), 058/150 VUs, 115630 complete and 0 interrupted iterations
default   [  20% ] 058/150 VUs  02m51.0s/14m00.0s

running (02m52.0s), 058/150 VUs, 116430 complete and 0 interrupted iterations
default   [  20% ] 058/150 VUs  02m52.0s/14m00.0s

running (02m53.0s), 058/150 VUs, 117057 complete and 0 interrupted iterations
default   [  21% ] 058/150 VUs  02m53.0s/14m00.0s

running (02m54.0s), 058/150 VUs, 117771 complete and 0 interrupted iterations
default   [  21% ] 058/150 VUs  02m54.0s/14m00.0s

running (02m55.0s), 059/150 VUs, 118463 complete and 0 interrupted iterations
default   [  21% ] 059/150 VUs  02m55.0s/14m00.0s

running (02m56.0s), 059/150 VUs, 119235 complete and 0 interrupted iterations
default   [  21% ] 059/150 VUs  02m56.0s/14m00.0s

running (02m57.0s), 059/150 VUs, 119992 complete and 0 interrupted iterations
default   [  21% ] 059/150 VUs  02m57.0s/14m00.0s

running (02m58.0s), 059/150 VUs, 120768 complete and 0 interrupted iterations
default   [  21% ] 059/150 VUs  02m58.0s/14m00.0s

running (02m59.0s), 059/150 VUs, 121491 complete and 0 interrupted iterations
default   [  21% ] 059/150 VUs  02m59.0s/14m00.0s

running (03m00.0s), 059/150 VUs, 122018 complete and 0 interrupted iterations
default   [  21% ] 059/150 VUs  03m00.0s/14m00.0s

running (03m01.0s), 060/150 VUs, 122663 complete and 0 interrupted iterations
default   [  22% ] 060/150 VUs  03m01.0s/14m00.0s

running (03m02.0s), 060/150 VUs, 123647 complete and 0 interrupted iterations
default   [  22% ] 060/150 VUs  03m02.0s/14m00.0s

running (03m03.0s), 060/150 VUs, 124322 complete and 0 interrupted iterations
default   [  22% ] 060/150 VUs  03m03.0s/14m00.0s

running (03m04.0s), 060/150 VUs, 125196 complete and 0 interrupted iterations
default   [  22% ] 060/150 VUs  03m04.0s/14m00.0s

running (03m05.0s), 060/150 VUs, 125798 complete and 0 interrupted iterations
default   [  22% ] 060/150 VUs  03m05.0s/14m00.0s

running (03m06.0s), 060/150 VUs, 126457 complete and 0 interrupted iterations
default   [  22% ] 060/150 VUs  03m06.0s/14m00.0s

running (03m07.0s), 061/150 VUs, 127233 complete and 0 interrupted iterations
default   [  22% ] 061/150 VUs  03m07.0s/14m00.0s

running (03m08.0s), 061/150 VUs, 127881 complete and 0 interrupted iterations
default   [  22% ] 061/150 VUs  03m08.0s/14m00.0s

running (03m09.0s), 061/150 VUs, 128684 complete and 0 interrupted iterations
default   [  22% ] 061/150 VUs  03m09.0s/14m00.0s

running (03m10.0s), 061/150 VUs, 129508 complete and 0 interrupted iterations
default   [  23% ] 061/150 VUs  03m10.0s/14m00.0s

running (03m11.0s), 061/150 VUs, 130348 complete and 0 interrupted iterations
default   [  23% ] 061/150 VUs  03m11.0s/14m00.0s

running (03m12.0s), 061/150 VUs, 131099 complete and 0 interrupted iterations
default   [  23% ] 061/150 VUs  03m12.0s/14m00.0s

running (03m13.0s), 062/150 VUs, 131798 complete and 0 interrupted iterations
default   [  23% ] 062/150 VUs  03m13.0s/14m00.0s

running (03m14.0s), 062/150 VUs, 132517 complete and 0 interrupted iterations
default   [  23% ] 062/150 VUs  03m14.0s/14m00.0s

running (03m15.0s), 062/150 VUs, 133341 complete and 0 interrupted iterations
default   [  23% ] 062/150 VUs  03m15.0s/14m00.0s

running (03m16.0s), 062/150 VUs, 134105 complete and 0 interrupted iterations
default   [  23% ] 062/150 VUs  03m16.0s/14m00.0s

running (03m17.0s), 062/150 VUs, 134838 complete and 0 interrupted iterations
default   [  23% ] 062/150 VUs  03m17.0s/14m00.0s

running (03m18.0s), 062/150 VUs, 135678 complete and 0 interrupted iterations
default   [  24% ] 062/150 VUs  03m18.0s/14m00.0s

running (03m19.0s), 063/150 VUs, 136280 complete and 0 interrupted iterations
default   [  24% ] 063/150 VUs  03m19.0s/14m00.0s

running (03m20.0s), 063/150 VUs, 137026 complete and 0 interrupted iterations
default   [  24% ] 063/150 VUs  03m20.0s/14m00.0s

running (03m21.0s), 063/150 VUs, 137905 complete and 0 interrupted iterations
default   [  24% ] 063/150 VUs  03m21.0s/14m00.0s

running (03m22.0s), 063/150 VUs, 138840 complete and 0 interrupted iterations
default   [  24% ] 063/150 VUs  03m22.0s/14m00.0s

running (03m23.0s), 063/150 VUs, 139611 complete and 0 interrupted iterations
default   [  24% ] 063/150 VUs  03m23.0s/14m00.0s

running (03m24.0s), 063/150 VUs, 140284 complete and 0 interrupted iterations
default   [  24% ] 063/150 VUs  03m24.0s/14m00.0s

running (03m25.0s), 064/150 VUs, 140986 complete and 0 interrupted iterations
default   [  24% ] 064/150 VUs  03m25.0s/14m00.0s

running (03m26.0s), 064/150 VUs, 141902 complete and 0 interrupted iterations
default   [  25% ] 064/150 VUs  03m26.0s/14m00.0s

running (03m27.0s), 064/150 VUs, 142555 complete and 0 interrupted iterations
default   [  25% ] 064/150 VUs  03m27.0s/14m00.0s

running (03m28.0s), 064/150 VUs, 143313 complete and 0 interrupted iterations
default   [  25% ] 064/150 VUs  03m28.0s/14m00.0s

running (03m29.0s), 064/150 VUs, 143980 complete and 0 interrupted iterations
default   [  25% ] 064/150 VUs  03m29.0s/14m00.0s

running (03m30.0s), 064/150 VUs, 144927 complete and 0 interrupted iterations
default   [  25% ] 064/150 VUs  03m30.0s/14m00.0s

running (03m31.0s), 065/150 VUs, 145726 complete and 0 interrupted iterations
default   [  25% ] 065/150 VUs  03m31.0s/14m00.0s

running (03m32.0s), 065/150 VUs, 146388 complete and 0 interrupted iterations
default   [  25% ] 065/150 VUs  03m32.0s/14m00.0s

running (03m33.0s), 065/150 VUs, 147125 complete and 0 interrupted iterations
default   [  25% ] 065/150 VUs  03m33.0s/14m00.0s

running (03m34.0s), 065/150 VUs, 147677 complete and 0 interrupted iterations
default   [  25% ] 065/150 VUs  03m34.0s/14m00.0s

running (03m35.0s), 065/150 VUs, 148542 complete and 0 interrupted iterations
default   [  26% ] 065/150 VUs  03m35.0s/14m00.0s

running (03m36.0s), 065/150 VUs, 149283 complete and 0 interrupted iterations
default   [  26% ] 065/150 VUs  03m36.0s/14m00.0s

running (03m37.0s), 066/150 VUs, 149965 complete and 0 interrupted iterations
default   [  26% ] 066/150 VUs  03m37.0s/14m00.0s

running (03m38.0s), 066/150 VUs, 150728 complete and 0 interrupted iterations
default   [  26% ] 066/150 VUs  03m38.0s/14m00.0s

running (03m39.0s), 066/150 VUs, 151347 complete and 0 interrupted iterations
default   [  26% ] 066/150 VUs  03m39.0s/14m00.0s

running (03m40.0s), 066/150 VUs, 151897 complete and 0 interrupted iterations
default   [  26% ] 066/150 VUs  03m40.0s/14m00.0s

running (03m41.0s), 066/150 VUs, 152677 complete and 0 interrupted iterations
default   [  26% ] 066/150 VUs  03m41.0s/14m00.0s

running (03m42.0s), 066/150 VUs, 153591 complete and 0 interrupted iterations
default   [  26% ] 066/150 VUs  03m42.0s/14m00.0s

running (03m43.0s), 067/150 VUs, 154338 complete and 0 interrupted iterations
default   [  27% ] 067/150 VUs  03m43.0s/14m00.0s

running (03m44.0s), 067/150 VUs, 154775 complete and 0 interrupted iterations
default   [  27% ] 067/150 VUs  03m44.0s/14m00.0s

running (03m45.0s), 067/150 VUs, 155735 complete and 0 interrupted iterations
default   [  27% ] 067/150 VUs  03m45.0s/14m00.0s

running (03m46.0s), 067/150 VUs, 156209 complete and 0 interrupted iterations
default   [  27% ] 067/150 VUs  03m46.0s/14m00.0s

running (03m47.0s), 067/150 VUs, 157205 complete and 0 interrupted iterations
default   [  27% ] 067/150 VUs  03m47.0s/14m00.0s

running (03m48.0s), 067/150 VUs, 157683 complete and 0 interrupted iterations
default   [  27% ] 067/150 VUs  03m48.0s/14m00.0s

running (03m49.0s), 068/150 VUs, 158726 complete and 0 interrupted iterations
default   [  27% ] 068/150 VUs  03m49.0s/14m00.0s

running (03m50.0s), 068/150 VUs, 159375 complete and 0 interrupted iterations
default   [  27% ] 068/150 VUs  03m50.0s/14m00.0s

running (03m51.0s), 068/150 VUs, 160218 complete and 0 interrupted iterations
default   [  27% ] 068/150 VUs  03m51.0s/14m00.0s

running (03m52.0s), 068/150 VUs, 161029 complete and 0 interrupted iterations
default   [  28% ] 068/150 VUs  03m52.0s/14m00.0s
time="2026-05-01T15:10:32+03:00" level=warning msg="Request Failed" error="Post \"http://178.236.25.152/api/v1/orders\": request timeout"

running (03m53.0s), 068/150 VUs, 161847 complete and 0 interrupted iterations
default   [  28% ] 068/150 VUs  03m53.0s/14m00.0s

running (03m54.0s), 068/150 VUs, 162599 complete and 0 interrupted iterations
default   [  28% ] 068/150 VUs  03m54.0s/14m00.0s

running (03m55.0s), 069/150 VUs, 163413 complete and 0 interrupted iterations
default   [  28% ] 069/150 VUs  03m55.0s/14m00.0s

running (03m56.0s), 069/150 VUs, 164085 complete and 0 interrupted iterations
default   [  28% ] 069/150 VUs  03m56.0s/14m00.0s

running (03m57.0s), 069/150 VUs, 164805 complete and 0 interrupted iterations
default   [  28% ] 069/150 VUs  03m57.0s/14m00.0s

running (03m58.0s), 069/150 VUs, 165593 complete and 0 interrupted iterations
default   [  28% ] 069/150 VUs  03m58.0s/14m00.0s

running (03m59.0s), 069/150 VUs, 166360 complete and 0 interrupted iterations
default   [  28% ] 069/150 VUs  03m59.0s/14m00.0s

running (04m00.0s), 069/150 VUs, 167090 complete and 0 interrupted iterations
default   [  29% ] 069/150 VUs  04m00.0s/14m00.0s

running (04m01.0s), 070/150 VUs, 167900 complete and 0 interrupted iterations
default   [  29% ] 070/150 VUs  04m01.0s/14m00.0s

running (04m02.0s), 070/150 VUs, 168468 complete and 0 interrupted iterations
default   [  29% ] 070/150 VUs  04m02.0s/14m00.0s

running (04m03.0s), 070/150 VUs, 169425 complete and 0 interrupted iterations
default   [  29% ] 070/150 VUs  04m03.0s/14m00.0s

running (04m04.0s), 070/150 VUs, 170001 complete and 0 interrupted iterations
default   [  29% ] 070/150 VUs  04m04.0s/14m00.0s

running (04m05.0s), 070/150 VUs, 170963 complete and 0 interrupted iterations
default   [  29% ] 070/150 VUs  04m05.0s/14m00.0s

running (04m06.0s), 070/150 VUs, 171454 complete and 0 interrupted iterations
default   [  29% ] 070/150 VUs  04m06.0s/14m00.0s

running (04m07.0s), 071/150 VUs, 172462 complete and 0 interrupted iterations
default   [  29% ] 071/150 VUs  04m07.0s/14m00.0s

running (04m08.0s), 071/150 VUs, 173060 complete and 0 interrupted iterations
default   [  30% ] 071/150 VUs  04m08.0s/14m00.0s

running (04m09.0s), 071/150 VUs, 173769 complete and 0 interrupted iterations
default   [  30% ] 071/150 VUs  04m09.0s/14m00.0s

running (04m10.0s), 071/150 VUs, 174576 complete and 0 interrupted iterations
default   [  30% ] 071/150 VUs  04m10.0s/14m00.0s

running (04m11.0s), 071/150 VUs, 175365 complete and 0 interrupted iterations
default   [  30% ] 071/150 VUs  04m11.0s/14m00.0s

running (04m12.0s), 071/150 VUs, 176196 complete and 0 interrupted iterations
default   [  30% ] 071/150 VUs  04m12.0s/14m00.0s

running (04m13.0s), 072/150 VUs, 176892 complete and 0 interrupted iterations
default   [  30% ] 072/150 VUs  04m13.0s/14m00.0s

running (04m14.0s), 072/150 VUs, 177707 complete and 0 interrupted iterations
default   [  30% ] 072/150 VUs  04m14.0s/14m00.0s

running (04m15.0s), 072/150 VUs, 178459 complete and 0 interrupted iterations
default   [  30% ] 072/150 VUs  04m15.0s/14m00.0s

running (04m16.0s), 072/150 VUs, 179246 complete and 0 interrupted iterations
default   [  30% ] 072/150 VUs  04m16.0s/14m00.0s

running (04m17.0s), 072/150 VUs, 179977 complete and 0 interrupted iterations
default   [  31% ] 072/150 VUs  04m17.0s/14m00.0s

running (04m18.0s), 072/150 VUs, 180826 complete and 0 interrupted iterations
default   [  31% ] 072/150 VUs  04m18.0s/14m00.0s

running (04m19.0s), 073/150 VUs, 181441 complete and 0 interrupted iterations
default   [  31% ] 073/150 VUs  04m19.0s/14m00.0s

running (04m20.0s), 073/150 VUs, 182180 complete and 0 interrupted iterations
default   [  31% ] 073/150 VUs  04m20.0s/14m00.0s

running (04m21.0s), 073/150 VUs, 182971 complete and 0 interrupted iterations
default   [  31% ] 073/150 VUs  04m21.0s/14m00.0s

running (04m22.0s), 073/150 VUs, 183907 complete and 0 interrupted iterations
default   [  31% ] 073/150 VUs  04m22.0s/14m00.0s

running (04m23.0s), 073/150 VUs, 184323 complete and 0 interrupted iterations
default   [  31% ] 073/150 VUs  04m23.0s/14m00.0s

running (04m24.0s), 073/150 VUs, 185295 complete and 0 interrupted iterations
default   [  31% ] 073/150 VUs  04m24.0s/14m00.0s

running (04m25.0s), 074/150 VUs, 185983 complete and 0 interrupted iterations
default   [  32% ] 074/150 VUs  04m25.0s/14m00.0s

running (04m26.0s), 074/150 VUs, 186816 complete and 0 interrupted iterations
default   [  32% ] 074/150 VUs  04m26.0s/14m00.0s

running (04m27.0s), 074/150 VUs, 187410 complete and 0 interrupted iterations
default   [  32% ] 074/150 VUs  04m27.0s/14m00.0s

running (04m28.0s), 074/150 VUs, 188323 complete and 0 interrupted iterations
default   [  32% ] 074/150 VUs  04m28.0s/14m00.0s

running (04m29.0s), 074/150 VUs, 188640 complete and 0 interrupted iterations
default   [  32% ] 074/150 VUs  04m29.0s/14m00.0s

running (04m30.0s), 074/150 VUs, 189826 complete and 0 interrupted iterations
default   [  32% ] 074/150 VUs  04m30.0s/14m00.0s

running (04m31.0s), 075/150 VUs, 190592 complete and 0 interrupted iterations
default   [  32% ] 075/150 VUs  04m31.0s/14m00.0s

running (04m32.0s), 075/150 VUs, 191256 complete and 0 interrupted iterations
default   [  32% ] 075/150 VUs  04m32.0s/14m00.0s

running (04m33.0s), 075/150 VUs, 192086 complete and 0 interrupted iterations
default   [  32% ] 075/150 VUs  04m33.0s/14m00.0s

running (04m34.0s), 075/150 VUs, 192883 complete and 0 interrupted iterations
default   [  33% ] 075/150 VUs  04m34.0s/14m00.0s

running (04m35.0s), 075/150 VUs, 193398 complete and 0 interrupted iterations
default   [  33% ] 075/150 VUs  04m35.0s/14m00.0s

running (04m36.0s), 075/150 VUs, 194229 complete and 0 interrupted iterations
default   [  33% ] 075/150 VUs  04m36.0s/14m00.0s

running (04m37.0s), 076/150 VUs, 195035 complete and 0 interrupted iterations
default   [  33% ] 076/150 VUs  04m37.0s/14m00.0s

running (04m38.0s), 076/150 VUs, 195873 complete and 0 interrupted iterations
default   [  33% ] 076/150 VUs  04m38.0s/14m00.0s

running (04m39.0s), 076/150 VUs, 196352 complete and 0 interrupted iterations
default   [  33% ] 076/150 VUs  04m39.0s/14m00.0s

running (04m40.0s), 076/150 VUs, 197182 complete and 0 interrupted iterations
default   [  33% ] 076/150 VUs  04m40.0s/14m00.0s

running (04m41.0s), 076/150 VUs, 197924 complete and 0 interrupted iterations
default   [  33% ] 076/150 VUs  04m41.0s/14m00.0s

running (04m42.0s), 076/150 VUs, 198567 complete and 0 interrupted iterations
default   [  34% ] 076/150 VUs  04m42.0s/14m00.0s

running (04m43.0s), 077/150 VUs, 199344 complete and 0 interrupted iterations
default   [  34% ] 077/150 VUs  04m43.0s/14m00.0s

running (04m44.0s), 077/150 VUs, 200089 complete and 0 interrupted iterations
default   [  34% ] 077/150 VUs  04m44.0s/14m00.0s

running (04m45.0s), 077/150 VUs, 200921 complete and 0 interrupted iterations
default   [  34% ] 077/150 VUs  04m45.0s/14m00.0s

running (04m46.0s), 077/150 VUs, 201743 complete and 0 interrupted iterations
default   [  34% ] 077/150 VUs  04m46.0s/14m00.0s

running (04m47.0s), 077/150 VUs, 202148 complete and 0 interrupted iterations
default   [  34% ] 077/150 VUs  04m47.0s/14m00.0s

running (04m48.0s), 077/150 VUs, 203341 complete and 0 interrupted iterations
default   [  34% ] 077/150 VUs  04m48.0s/14m00.0s

running (04m49.0s), 078/150 VUs, 204043 complete and 0 interrupted iterations
default   [  34% ] 078/150 VUs  04m49.0s/14m00.0s

running (04m50.0s), 078/150 VUs, 204749 complete and 0 interrupted iterations
default   [  35% ] 078/150 VUs  04m50.0s/14m00.0s

running (04m51.0s), 078/150 VUs, 205480 complete and 0 interrupted iterations
default   [  35% ] 078/150 VUs  04m51.0s/14m00.0s

running (04m52.0s), 078/150 VUs, 206409 complete and 0 interrupted iterations
default   [  35% ] 078/150 VUs  04m52.0s/14m00.0s

running (04m53.0s), 078/150 VUs, 207138 complete and 0 interrupted iterations
default   [  35% ] 078/150 VUs  04m53.0s/14m00.0s

running (04m54.0s), 078/150 VUs, 207864 complete and 0 interrupted iterations
default   [  35% ] 078/150 VUs  04m54.0s/14m00.0s

running (04m55.0s), 079/150 VUs, 208710 complete and 0 interrupted iterations
default   [  35% ] 079/150 VUs  04m55.0s/14m00.0s

running (04m56.0s), 079/150 VUs, 209471 complete and 0 interrupted iterations
default   [  35% ] 079/150 VUs  04m56.0s/14m00.0s

running (04m57.0s), 079/150 VUs, 210208 complete and 0 interrupted iterations
default   [  35% ] 079/150 VUs  04m57.0s/14m00.0s

running (04m58.0s), 079/150 VUs, 211090 complete and 0 interrupted iterations
default   [  35% ] 079/150 VUs  04m58.0s/14m00.0s

running (04m59.0s), 079/150 VUs, 211743 complete and 0 interrupted iterations
default   [  36% ] 079/150 VUs  04m59.0s/14m00.0s

running (05m00.0s), 079/150 VUs, 212587 complete and 0 interrupted iterations
default   [  36% ] 079/150 VUs  05m00.0s/14m00.0s

running (05m01.0s), 080/150 VUs, 213406 complete and 0 interrupted iterations
default   [  36% ] 080/150 VUs  05m01.0s/14m00.0s

running (05m02.0s), 080/150 VUs, 214134 complete and 0 interrupted iterations
default   [  36% ] 080/150 VUs  05m02.0s/14m00.0s

running (05m03.0s), 080/150 VUs, 214988 complete and 0 interrupted iterations
default   [  36% ] 080/150 VUs  05m03.0s/14m00.0s

running (05m04.0s), 080/150 VUs, 215678 complete and 0 interrupted iterations
default   [  36% ] 080/150 VUs  05m04.0s/14m00.0s

running (05m05.0s), 080/150 VUs, 216541 complete and 0 interrupted iterations
default   [  36% ] 080/150 VUs  05m05.0s/14m00.0s

running (05m06.0s), 080/150 VUs, 217217 complete and 0 interrupted iterations
default   [  36% ] 080/150 VUs  05m06.0s/14m00.0s

running (05m07.0s), 081/150 VUs, 218118 complete and 0 interrupted iterations
default   [  37% ] 081/150 VUs  05m07.0s/14m00.0s

running (05m08.0s), 081/150 VUs, 218881 complete and 0 interrupted iterations
default   [  37% ] 081/150 VUs  05m08.0s/14m00.0s

running (05m09.0s), 081/150 VUs, 219523 complete and 0 interrupted iterations
default   [  37% ] 081/150 VUs  05m09.0s/14m00.0s

running (05m10.0s), 081/150 VUs, 220108 complete and 0 interrupted iterations
default   [  37% ] 081/150 VUs  05m10.0s/14m00.0s

running (05m11.0s), 081/150 VUs, 221093 complete and 0 interrupted iterations
default   [  37% ] 081/150 VUs  05m11.0s/14m00.0s

running (05m12.0s), 081/150 VUs, 221607 complete and 0 interrupted iterations
default   [  37% ] 081/150 VUs  05m12.0s/14m00.0s

running (05m13.0s), 082/150 VUs, 222414 complete and 0 interrupted iterations
default   [  37% ] 082/150 VUs  05m13.0s/14m00.0s

running (05m14.0s), 082/150 VUs, 223212 complete and 0 interrupted iterations
default   [  37% ] 082/150 VUs  05m14.0s/14m00.0s

running (05m15.0s), 082/150 VUs, 223972 complete and 0 interrupted iterations
default   [  37% ] 082/150 VUs  05m15.0s/14m00.0s

running (05m16.0s), 082/150 VUs, 224830 complete and 0 interrupted iterations
default   [  38% ] 082/150 VUs  05m16.0s/14m00.0s

running (05m17.0s), 082/150 VUs, 225561 complete and 0 interrupted iterations
default   [  38% ] 082/150 VUs  05m17.0s/14m00.0s

running (05m18.0s), 082/150 VUs, 226343 complete and 0 interrupted iterations
default   [  38% ] 082/150 VUs  05m18.0s/14m00.0s

running (05m19.0s), 083/150 VUs, 227063 complete and 0 interrupted iterations
default   [  38% ] 083/150 VUs  05m19.0s/14m00.0s

running (05m20.0s), 083/150 VUs, 227933 complete and 0 interrupted iterations
default   [  38% ] 083/150 VUs  05m20.0s/14m00.0s

running (05m21.0s), 083/150 VUs, 228783 complete and 0 interrupted iterations
default   [  38% ] 083/150 VUs  05m21.0s/14m00.0s

running (05m22.0s), 083/150 VUs, 229609 complete and 0 interrupted iterations
default   [  38% ] 083/150 VUs  05m22.0s/14m00.0s

running (05m23.0s), 083/150 VUs, 230198 complete and 0 interrupted iterations
default   [  38% ] 083/150 VUs  05m23.0s/14m00.0s

running (05m24.0s), 083/150 VUs, 231176 complete and 0 interrupted iterations
default   [  39% ] 083/150 VUs  05m24.0s/14m00.0s

running (05m25.0s), 084/150 VUs, 231903 complete and 0 interrupted iterations
default   [  39% ] 084/150 VUs  05m25.0s/14m00.0s

running (05m26.0s), 084/150 VUs, 232661 complete and 0 interrupted iterations
default   [  39% ] 084/150 VUs  05m26.0s/14m00.0s

running (05m27.0s), 084/150 VUs, 233456 complete and 0 interrupted iterations
default   [  39% ] 084/150 VUs  05m27.0s/14m00.0s

running (05m28.0s), 084/150 VUs, 234093 complete and 0 interrupted iterations
default   [  39% ] 084/150 VUs  05m28.0s/14m00.0s

running (05m29.0s), 084/150 VUs, 234858 complete and 0 interrupted iterations
default   [  39% ] 084/150 VUs  05m29.0s/14m00.0s

running (05m30.0s), 084/150 VUs, 235465 complete and 0 interrupted iterations
default   [  39% ] 084/150 VUs  05m30.0s/14m00.0s

running (05m31.0s), 085/150 VUs, 236381 complete and 0 interrupted iterations
default   [  39% ] 085/150 VUs  05m31.0s/14m00.0s

running (05m32.0s), 085/150 VUs, 237187 complete and 0 interrupted iterations
default   [  40% ] 085/150 VUs  05m32.0s/14m00.0s

running (05m33.0s), 085/150 VUs, 237955 complete and 0 interrupted iterations
default   [  40% ] 085/150 VUs  05m33.0s/14m00.0s

running (05m34.0s), 085/150 VUs, 238679 complete and 0 interrupted iterations
default   [  40% ] 085/150 VUs  05m34.0s/14m00.0s

running (05m35.0s), 085/150 VUs, 239408 complete and 0 interrupted iterations
default   [  40% ] 085/150 VUs  05m35.0s/14m00.0s

running (05m36.0s), 085/150 VUs, 240239 complete and 0 interrupted iterations
default   [  40% ] 085/150 VUs  05m36.0s/14m00.0s

running (05m37.0s), 086/150 VUs, 240955 complete and 0 interrupted iterations
default   [  40% ] 086/150 VUs  05m37.0s/14m00.0s

running (05m38.0s), 086/150 VUs, 241524 complete and 0 interrupted iterations
default   [  40% ] 086/150 VUs  05m38.0s/14m00.0s

running (05m39.0s), 086/150 VUs, 242454 complete and 0 interrupted iterations
default   [  40% ] 086/150 VUs  05m39.0s/14m00.0s

running (05m40.0s), 086/150 VUs, 243032 complete and 0 interrupted iterations
default   [  40% ] 086/150 VUs  05m40.0s/14m00.0s

running (05m41.0s), 086/150 VUs, 243682 complete and 0 interrupted iterations
default   [  41% ] 086/150 VUs  05m41.0s/14m00.0s

running (05m42.0s), 086/150 VUs, 244638 complete and 0 interrupted iterations
default   [  41% ] 086/150 VUs  05m42.0s/14m00.0s

running (05m43.0s), 087/150 VUs, 245259 complete and 0 interrupted iterations
default   [  41% ] 087/150 VUs  05m43.0s/14m00.0s

running (05m44.0s), 087/150 VUs, 246161 complete and 0 interrupted iterations
default   [  41% ] 087/150 VUs  05m44.0s/14m00.0s

running (05m45.0s), 087/150 VUs, 246857 complete and 0 interrupted iterations
default   [  41% ] 087/150 VUs  05m45.0s/14m00.0s

running (05m46.0s), 087/150 VUs, 247568 complete and 0 interrupted iterations
default   [  41% ] 087/150 VUs  05m46.0s/14m00.0s

running (05m47.0s), 087/150 VUs, 248277 complete and 0 interrupted iterations
default   [  41% ] 087/150 VUs  05m47.0s/14m00.0s

running (05m48.0s), 087/150 VUs, 249134 complete and 0 interrupted iterations
default   [  41% ] 087/150 VUs  05m48.0s/14m00.0s

running (05m49.0s), 088/150 VUs, 249698 complete and 0 interrupted iterations
default   [  42% ] 088/150 VUs  05m49.0s/14m00.0s

running (05m50.0s), 088/150 VUs, 250536 complete and 0 interrupted iterations
default   [  42% ] 088/150 VUs  05m50.0s/14m00.0s

running (05m51.0s), 088/150 VUs, 251361 complete and 0 interrupted iterations
default   [  42% ] 088/150 VUs  05m51.0s/14m00.0s

running (05m52.0s), 088/150 VUs, 252226 complete and 0 interrupted iterations
default   [  42% ] 088/150 VUs  05m52.0s/14m00.0s

running (05m53.0s), 088/150 VUs, 252947 complete and 0 interrupted iterations
default   [  42% ] 088/150 VUs  05m53.0s/14m00.0s

running (05m54.0s), 088/150 VUs, 253581 complete and 0 interrupted iterations
default   [  42% ] 088/150 VUs  05m54.0s/14m00.0s

running (05m55.0s), 089/150 VUs, 254171 complete and 0 interrupted iterations
default   [  42% ] 089/150 VUs  05m55.0s/14m00.0s

running (05m56.0s), 089/150 VUs, 255152 complete and 0 interrupted iterations
default   [  42% ] 089/150 VUs  05m56.0s/14m00.0s

running (05m57.0s), 089/150 VUs, 255597 complete and 0 interrupted iterations
default   [  42% ] 089/150 VUs  05m57.0s/14m00.0s

running (05m58.0s), 089/150 VUs, 256856 complete and 0 interrupted iterations
default   [  43% ] 089/150 VUs  05m58.0s/14m00.0s

running (05m59.0s), 089/150 VUs, 257295 complete and 0 interrupted iterations
default   [  43% ] 089/150 VUs  05m59.0s/14m00.0s

running (06m00.0s), 089/150 VUs, 258258 complete and 0 interrupted iterations
default   [  43% ] 089/150 VUs  06m00.0s/14m00.0s

running (06m01.0s), 090/150 VUs, 258993 complete and 0 interrupted iterations
default   [  43% ] 090/150 VUs  06m01.0s/14m00.0s

running (06m02.0s), 090/150 VUs, 259854 complete and 0 interrupted iterations
default   [  43% ] 090/150 VUs  06m02.0s/14m00.0s

running (06m03.0s), 090/150 VUs, 260543 complete and 0 interrupted iterations
default   [  43% ] 090/150 VUs  06m03.0s/14m00.0s

running (06m04.0s), 090/150 VUs, 261423 complete and 0 interrupted iterations
default   [  43% ] 090/150 VUs  06m04.0s/14m00.0s

running (06m05.0s), 090/150 VUs, 262035 complete and 0 interrupted iterations
default   [  43% ] 090/150 VUs  06m05.0s/14m00.0s

running (06m06.0s), 090/150 VUs, 262893 complete and 0 interrupted iterations
default   [  44% ] 090/150 VUs  06m06.0s/14m00.0s

running (06m07.0s), 091/150 VUs, 263648 complete and 0 interrupted iterations
default   [  44% ] 091/150 VUs  06m07.0s/14m00.0s

running (06m08.0s), 091/150 VUs, 264421 complete and 0 interrupted iterations
default   [  44% ] 091/150 VUs  06m08.0s/14m00.0s

running (06m09.0s), 091/150 VUs, 264957 complete and 0 interrupted iterations
default   [  44% ] 091/150 VUs  06m09.0s/14m00.0s

running (06m10.0s), 091/150 VUs, 265845 complete and 0 interrupted iterations
default   [  44% ] 091/150 VUs  06m10.0s/14m00.0s

running (06m11.0s), 091/150 VUs, 266590 complete and 0 interrupted iterations
default   [  44% ] 091/150 VUs  06m11.0s/14m00.0s

running (06m12.0s), 091/150 VUs, 267358 complete and 0 interrupted iterations
default   [  44% ] 091/150 VUs  06m12.0s/14m00.0s

running (06m13.0s), 092/150 VUs, 268112 complete and 0 interrupted iterations
default   [  44% ] 092/150 VUs  06m13.0s/14m00.0s

running (06m14.0s), 092/150 VUs, 268799 complete and 0 interrupted iterations
default   [  45% ] 092/150 VUs  06m14.0s/14m00.0s

running (06m15.0s), 092/150 VUs, 269588 complete and 0 interrupted iterations
default   [  45% ] 092/150 VUs  06m15.0s/14m00.0s

running (06m16.0s), 092/150 VUs, 270384 complete and 0 interrupted iterations
default   [  45% ] 092/150 VUs  06m16.0s/14m00.0s

running (06m17.0s), 092/150 VUs, 271288 complete and 0 interrupted iterations
default   [  45% ] 092/150 VUs  06m17.0s/14m00.0s

running (06m18.0s), 092/150 VUs, 272060 complete and 0 interrupted iterations
default   [  45% ] 092/150 VUs  06m18.0s/14m00.0s

running (06m19.0s), 093/150 VUs, 272868 complete and 0 interrupted iterations
default   [  45% ] 093/150 VUs  06m19.0s/14m00.0s

running (06m20.0s), 093/150 VUs, 273601 complete and 0 interrupted iterations
default   [  45% ] 093/150 VUs  06m20.0s/14m00.0s

running (06m21.0s), 093/150 VUs, 274375 complete and 0 interrupted iterations
default   [  45% ] 093/150 VUs  06m21.0s/14m00.0s

running (06m22.0s), 093/150 VUs, 275211 complete and 0 interrupted iterations
default   [  45% ] 093/150 VUs  06m22.0s/14m00.0s

running (06m23.0s), 093/150 VUs, 275937 complete and 0 interrupted iterations
default   [  46% ] 093/150 VUs  06m23.0s/14m00.0s

running (06m24.0s), 093/150 VUs, 276701 complete and 0 interrupted iterations
default   [  46% ] 093/150 VUs  06m24.0s/14m00.0s

running (06m25.0s), 094/150 VUs, 277362 complete and 0 interrupted iterations
default   [  46% ] 094/150 VUs  06m25.0s/14m00.0s

running (06m26.0s), 094/150 VUs, 278257 complete and 0 interrupted iterations
default   [  46% ] 094/150 VUs  06m26.0s/14m00.0s

running (06m27.0s), 094/150 VUs, 279022 complete and 0 interrupted iterations
default   [  46% ] 094/150 VUs  06m27.0s/14m00.0s

running (06m28.0s), 094/150 VUs, 279843 complete and 0 interrupted iterations
default   [  46% ] 094/150 VUs  06m28.0s/14m00.0s

running (06m29.0s), 094/150 VUs, 280549 complete and 0 interrupted iterations
default   [  46% ] 094/150 VUs  06m29.0s/14m00.0s

running (06m30.0s), 094/150 VUs, 281356 complete and 0 interrupted iterations
default   [  46% ] 094/150 VUs  06m30.0s/14m00.0s

running (06m31.0s), 095/150 VUs, 282109 complete and 0 interrupted iterations
default   [  47% ] 095/150 VUs  06m31.0s/14m00.0s

running (06m32.0s), 095/150 VUs, 282502 complete and 0 interrupted iterations
default   [  47% ] 095/150 VUs  06m32.0s/14m00.0s

running (06m33.0s), 095/150 VUs, 283570 complete and 0 interrupted iterations
default   [  47% ] 095/150 VUs  06m33.0s/14m00.0s

running (06m34.0s), 095/150 VUs, 284298 complete and 0 interrupted iterations
default   [  47% ] 095/150 VUs  06m34.0s/14m00.0s

running (06m35.0s), 095/150 VUs, 285162 complete and 0 interrupted iterations
default   [  47% ] 095/150 VUs  06m35.0s/14m00.0s

running (06m36.0s), 095/150 VUs, 285451 complete and 0 interrupted iterations
default   [  47% ] 095/150 VUs  06m36.0s/14m00.0s

running (06m37.0s), 096/150 VUs, 286645 complete and 0 interrupted iterations
default   [  47% ] 096/150 VUs  06m37.0s/14m00.0s

running (06m38.0s), 096/150 VUs, 287232 complete and 0 interrupted iterations
default   [  47% ] 096/150 VUs  06m38.0s/14m00.0s

running (06m39.0s), 096/150 VUs, 288277 complete and 0 interrupted iterations
default   [  47% ] 096/150 VUs  06m39.0s/14m00.0s

running (06m40.0s), 096/150 VUs, 289000 complete and 0 interrupted iterations
default   [  48% ] 096/150 VUs  06m40.0s/14m00.0s

running (06m41.0s), 096/150 VUs, 289838 complete and 0 interrupted iterations
default   [  48% ] 096/150 VUs  06m41.0s/14m00.0s

running (06m42.0s), 096/150 VUs, 290345 complete and 0 interrupted iterations
default   [  48% ] 096/150 VUs  06m42.0s/14m00.0s

running (06m43.0s), 097/150 VUs, 291186 complete and 0 interrupted iterations
default   [  48% ] 097/150 VUs  06m43.0s/14m00.0s

running (06m44.0s), 097/150 VUs, 291766 complete and 0 interrupted iterations
default   [  48% ] 097/150 VUs  06m44.0s/14m00.0s

running (06m45.0s), 097/150 VUs, 292617 complete and 0 interrupted iterations
default   [  48% ] 097/150 VUs  06m45.0s/14m00.0s

running (06m46.0s), 097/150 VUs, 293426 complete and 0 interrupted iterations
default   [  48% ] 097/150 VUs  06m46.0s/14m00.0s

running (06m47.0s), 097/150 VUs, 294242 complete and 0 interrupted iterations
default   [  48% ] 097/150 VUs  06m47.0s/14m00.0s

running (06m48.0s), 097/150 VUs, 295008 complete and 0 interrupted iterations
default   [  49% ] 097/150 VUs  06m48.0s/14m00.0s

running (06m49.0s), 098/150 VUs, 295754 complete and 0 interrupted iterations
default   [  49% ] 098/150 VUs  06m49.0s/14m00.0s

running (06m50.0s), 098/150 VUs, 296477 complete and 0 interrupted iterations
default   [  49% ] 098/150 VUs  06m50.0s/14m00.0s

running (06m51.0s), 098/150 VUs, 297232 complete and 0 interrupted iterations
default   [  49% ] 098/150 VUs  06m51.0s/14m00.0s

running (06m52.0s), 098/150 VUs, 298128 complete and 0 interrupted iterations
default   [  49% ] 098/150 VUs  06m52.0s/14m00.0s

running (06m53.0s), 098/150 VUs, 298733 complete and 0 interrupted iterations
default   [  49% ] 098/150 VUs  06m53.0s/14m00.0s

running (06m54.0s), 098/150 VUs, 299467 complete and 0 interrupted iterations
default   [  49% ] 098/150 VUs  06m54.0s/14m00.0s

running (06m55.0s), 099/150 VUs, 300224 complete and 0 interrupted iterations
default   [  49% ] 099/150 VUs  06m55.0s/14m00.0s

running (06m56.0s), 099/150 VUs, 300921 complete and 0 interrupted iterations
default   [  50% ] 099/150 VUs  06m56.0s/14m00.0s

running (06m57.0s), 099/150 VUs, 301593 complete and 0 interrupted iterations
default   [  50% ] 099/150 VUs  06m57.0s/14m00.0s

running (06m58.0s), 099/150 VUs, 302531 complete and 0 interrupted iterations
default   [  50% ] 099/150 VUs  06m58.0s/14m00.0s

running (06m59.0s), 099/150 VUs, 303349 complete and 0 interrupted iterations
default   [  50% ] 099/150 VUs  06m59.0s/14m00.0s

running (07m00.0s), 099/150 VUs, 304073 complete and 0 interrupted iterations
default   [  50% ] 099/150 VUs  07m00.0s/14m00.0s

running (07m01.0s), 100/150 VUs, 304946 complete and 0 interrupted iterations
default   [  50% ] 100/150 VUs  07m01.0s/14m00.0s

running (07m02.0s), 100/150 VUs, 305649 complete and 0 interrupted iterations
default   [  50% ] 100/150 VUs  07m02.0s/14m00.0s

running (07m03.0s), 100/150 VUs, 306361 complete and 0 interrupted iterations
default   [  50% ] 100/150 VUs  07m03.0s/14m00.0s

running (07m04.0s), 100/150 VUs, 306842 complete and 0 interrupted iterations
default   [  50% ] 100/150 VUs  07m04.0s/14m00.0s

running (07m05.0s), 100/150 VUs, 307702 complete and 0 interrupted iterations
default   [  51% ] 100/150 VUs  07m05.0s/14m00.0s

running (07m06.0s), 100/150 VUs, 308543 complete and 0 interrupted iterations
default   [  51% ] 100/150 VUs  07m06.0s/14m00.0s

running (07m07.0s), 101/150 VUs, 309335 complete and 0 interrupted iterations
default   [  51% ] 101/150 VUs  07m07.0s/14m00.0s

running (07m08.0s), 101/150 VUs, 310150 complete and 0 interrupted iterations
default   [  51% ] 101/150 VUs  07m08.0s/14m00.0s

running (07m09.0s), 101/150 VUs, 310930 complete and 0 interrupted iterations
default   [  51% ] 101/150 VUs  07m09.0s/14m00.0s

running (07m10.0s), 101/150 VUs, 311816 complete and 0 interrupted iterations
default   [  51% ] 101/150 VUs  07m10.0s/14m00.0s

running (07m11.0s), 101/150 VUs, 312404 complete and 0 interrupted iterations
default   [  51% ] 101/150 VUs  07m11.0s/14m00.0s

running (07m12.0s), 101/150 VUs, 313266 complete and 0 interrupted iterations
default   [  51% ] 101/150 VUs  07m12.0s/14m00.0s

running (07m13.0s), 102/150 VUs, 313914 complete and 0 interrupted iterations
default   [  52% ] 102/150 VUs  07m13.0s/14m00.0s

running (07m14.0s), 102/150 VUs, 314612 complete and 0 interrupted iterations
default   [  52% ] 102/150 VUs  07m14.0s/14m00.0s

running (07m15.0s), 102/150 VUs, 315242 complete and 0 interrupted iterations
default   [  52% ] 102/150 VUs  07m15.0s/14m00.0s

running (07m16.0s), 102/150 VUs, 316058 complete and 0 interrupted iterations
default   [  52% ] 102/150 VUs  07m16.0s/14m00.0s

running (07m17.0s), 102/150 VUs, 316891 complete and 0 interrupted iterations
default   [  52% ] 102/150 VUs  07m17.0s/14m00.0s

running (07m18.0s), 102/150 VUs, 317530 complete and 0 interrupted iterations
default   [  52% ] 102/150 VUs  07m18.0s/14m00.0s

running (07m19.0s), 103/150 VUs, 318325 complete and 0 interrupted iterations
default   [  52% ] 103/150 VUs  07m19.0s/14m00.0s

running (07m20.0s), 103/150 VUs, 319188 complete and 0 interrupted iterations
default   [  52% ] 103/150 VUs  07m20.0s/14m00.0s

running (07m21.0s), 103/150 VUs, 319857 complete and 0 interrupted iterations
default   [  52% ] 103/150 VUs  07m21.0s/14m00.0s

running (07m22.0s), 103/150 VUs, 320784 complete and 0 interrupted iterations
default   [  53% ] 103/150 VUs  07m22.0s/14m00.0s

running (07m23.0s), 103/150 VUs, 321495 complete and 0 interrupted iterations
default   [  53% ] 103/150 VUs  07m23.0s/14m00.0s

running (07m24.0s), 103/150 VUs, 322278 complete and 0 interrupted iterations
default   [  53% ] 103/150 VUs  07m24.0s/14m00.0s

running (07m25.0s), 104/150 VUs, 323019 complete and 0 interrupted iterations
default   [  53% ] 104/150 VUs  07m25.0s/14m00.0s

running (07m26.0s), 104/150 VUs, 323894 complete and 0 interrupted iterations
default   [  53% ] 104/150 VUs  07m26.0s/14m00.0s

running (07m27.0s), 104/150 VUs, 324637 complete and 0 interrupted iterations
default   [  53% ] 104/150 VUs  07m27.0s/14m00.0s

running (07m28.0s), 104/150 VUs, 325345 complete and 0 interrupted iterations
default   [  53% ] 104/150 VUs  07m28.0s/14m00.0s

running (07m29.0s), 104/150 VUs, 326001 complete and 0 interrupted iterations
default   [  53% ] 104/150 VUs  07m29.0s/14m00.0s

running (07m30.0s), 104/150 VUs, 326968 complete and 0 interrupted iterations
default   [  54% ] 104/150 VUs  07m30.0s/14m00.0s

running (07m31.0s), 105/150 VUs, 327605 complete and 0 interrupted iterations
default   [  54% ] 105/150 VUs  07m31.0s/14m00.0s

running (07m32.0s), 105/150 VUs, 328707 complete and 0 interrupted iterations
default   [  54% ] 105/150 VUs  07m32.0s/14m00.0s

running (07m33.0s), 105/150 VUs, 329461 complete and 0 interrupted iterations
default   [  54% ] 105/150 VUs  07m33.0s/14m00.0s

running (07m34.0s), 105/150 VUs, 330284 complete and 0 interrupted iterations
default   [  54% ] 105/150 VUs  07m34.0s/14m00.0s

running (07m35.0s), 105/150 VUs, 330986 complete and 0 interrupted iterations
default   [  54% ] 105/150 VUs  07m35.0s/14m00.0s

running (07m36.0s), 105/150 VUs, 331757 complete and 0 interrupted iterations
default   [  54% ] 105/150 VUs  07m36.0s/14m00.0s

running (07m37.0s), 106/150 VUs, 332374 complete and 0 interrupted iterations
default   [  54% ] 106/150 VUs  07m37.0s/14m00.0s

running (07m38.0s), 106/150 VUs, 333251 complete and 0 interrupted iterations
default   [  55% ] 106/150 VUs  07m38.0s/14m00.0s

running (07m39.0s), 106/150 VUs, 334013 complete and 0 interrupted iterations
default   [  55% ] 106/150 VUs  07m39.0s/14m00.0s

running (07m40.0s), 106/150 VUs, 334923 complete and 0 interrupted iterations
default   [  55% ] 106/150 VUs  07m40.0s/14m00.0s

running (07m41.0s), 106/150 VUs, 335623 complete and 0 interrupted iterations
default   [  55% ] 106/150 VUs  07m41.0s/14m00.0s

running (07m42.0s), 106/150 VUs, 336461 complete and 0 interrupted iterations
default   [  55% ] 106/150 VUs  07m42.0s/14m00.0s

running (07m43.0s), 107/150 VUs, 337224 complete and 0 interrupted iterations
default   [  55% ] 107/150 VUs  07m43.0s/14m00.0s

running (07m44.0s), 107/150 VUs, 338028 complete and 0 interrupted iterations
default   [  55% ] 107/150 VUs  07m44.0s/14m00.0s

running (07m45.0s), 107/150 VUs, 338669 complete and 0 interrupted iterations
default   [  55% ] 107/150 VUs  07m45.0s/14m00.0s

running (07m46.0s), 107/150 VUs, 339366 complete and 0 interrupted iterations
default   [  55% ] 107/150 VUs  07m46.0s/14m00.0s

running (07m47.0s), 107/150 VUs, 339894 complete and 0 interrupted iterations
default   [  56% ] 107/150 VUs  07m47.0s/14m00.0s

running (07m48.0s), 107/150 VUs, 340679 complete and 0 interrupted iterations
default   [  56% ] 107/150 VUs  07m48.0s/14m00.0s

running (07m49.0s), 108/150 VUs, 341671 complete and 0 interrupted iterations
default   [  56% ] 108/150 VUs  07m49.0s/14m00.0s

running (07m50.0s), 108/150 VUs, 342435 complete and 0 interrupted iterations
default   [  56% ] 108/150 VUs  07m50.0s/14m00.0s

running (07m51.0s), 108/150 VUs, 343132 complete and 0 interrupted iterations
default   [  56% ] 108/150 VUs  07m51.0s/14m00.0s

running (07m52.0s), 108/150 VUs, 343752 complete and 0 interrupted iterations
default   [  56% ] 108/150 VUs  07m52.0s/14m00.0s

running (07m53.0s), 108/150 VUs, 344575 complete and 0 interrupted iterations
default   [  56% ] 108/150 VUs  07m53.0s/14m00.0s

running (07m54.0s), 108/150 VUs, 345214 complete and 0 interrupted iterations
default   [  56% ] 108/150 VUs  07m54.0s/14m00.0s

running (07m55.0s), 109/150 VUs, 346122 complete and 0 interrupted iterations
default   [  57% ] 109/150 VUs  07m55.0s/14m00.0s

running (07m56.0s), 109/150 VUs, 346973 complete and 0 interrupted iterations
default   [  57% ] 109/150 VUs  07m56.0s/14m00.0s

running (07m57.0s), 109/150 VUs, 347634 complete and 0 interrupted iterations
default   [  57% ] 109/150 VUs  07m57.0s/14m00.0s

running (07m58.0s), 109/150 VUs, 348428 complete and 0 interrupted iterations
default   [  57% ] 109/150 VUs  07m58.0s/14m00.0s

running (07m59.0s), 109/150 VUs, 349061 complete and 0 interrupted iterations
default   [  57% ] 109/150 VUs  07m59.0s/14m00.0s

running (08m00.0s), 109/150 VUs, 349795 complete and 0 interrupted iterations
default   [  57% ] 109/150 VUs  08m00.0s/14m00.0s

running (08m01.0s), 110/150 VUs, 350531 complete and 0 interrupted iterations
default   [  57% ] 110/150 VUs  08m01.0s/14m00.0s

running (08m02.0s), 110/150 VUs, 351253 complete and 0 interrupted iterations
default   [  57% ] 110/150 VUs  08m02.0s/14m00.0s

running (08m03.0s), 110/150 VUs, 351818 complete and 0 interrupted iterations
default   [  57% ] 110/150 VUs  08m03.0s/14m00.0s

running (08m04.0s), 110/150 VUs, 352771 complete and 0 interrupted iterations
default   [  58% ] 110/150 VUs  08m04.0s/14m00.0s

running (08m05.0s), 110/150 VUs, 353622 complete and 0 interrupted iterations
default   [  58% ] 110/150 VUs  08m05.0s/14m00.0s

running (08m06.0s), 110/150 VUs, 354331 complete and 0 interrupted iterations
default   [  58% ] 110/150 VUs  08m06.0s/14m00.0s

running (08m07.0s), 111/150 VUs, 355204 complete and 0 interrupted iterations
default   [  58% ] 111/150 VUs  08m07.0s/14m00.0s

running (08m08.0s), 111/150 VUs, 355887 complete and 0 interrupted iterations
default   [  58% ] 111/150 VUs  08m08.0s/14m00.0s

running (08m09.0s), 111/150 VUs, 356645 complete and 0 interrupted iterations
default   [  58% ] 111/150 VUs  08m09.0s/14m00.0s

running (08m10.0s), 111/150 VUs, 357459 complete and 0 interrupted iterations
default   [  58% ] 111/150 VUs  08m10.0s/14m00.0s

running (08m11.0s), 111/150 VUs, 358188 complete and 0 interrupted iterations
default   [  58% ] 111/150 VUs  08m11.0s/14m00.0s

running (08m12.0s), 111/150 VUs, 358888 complete and 0 interrupted iterations
default   [  59% ] 111/150 VUs  08m12.0s/14m00.0s

running (08m13.0s), 112/150 VUs, 359648 complete and 0 interrupted iterations
default   [  59% ] 112/150 VUs  08m13.0s/14m00.0s

running (08m14.0s), 112/150 VUs, 360521 complete and 0 interrupted iterations
default   [  59% ] 112/150 VUs  08m14.0s/14m00.0s

running (08m15.0s), 112/150 VUs, 361302 complete and 0 interrupted iterations
default   [  59% ] 112/150 VUs  08m15.0s/14m00.0s

running (08m16.0s), 112/150 VUs, 362087 complete and 0 interrupted iterations
default   [  59% ] 112/150 VUs  08m16.0s/14m00.0s

running (08m17.0s), 112/150 VUs, 362837 complete and 0 interrupted iterations
default   [  59% ] 112/150 VUs  08m17.0s/14m00.0s

running (08m18.0s), 112/150 VUs, 363542 complete and 0 interrupted iterations
default   [  59% ] 112/150 VUs  08m18.0s/14m00.0s

running (08m19.0s), 113/150 VUs, 364278 complete and 0 interrupted iterations
default   [  59% ] 113/150 VUs  08m19.0s/14m00.0s

running (08m20.0s), 113/150 VUs, 364883 complete and 0 interrupted iterations
default   [  60% ] 113/150 VUs  08m20.0s/14m00.0s

running (08m21.0s), 113/150 VUs, 365906 complete and 0 interrupted iterations
default   [  60% ] 113/150 VUs  08m21.0s/14m00.0s

running (08m22.0s), 113/150 VUs, 366713 complete and 0 interrupted iterations
default   [  60% ] 113/150 VUs  08m22.0s/14m00.0s

running (08m23.0s), 113/150 VUs, 367479 complete and 0 interrupted iterations
default   [  60% ] 113/150 VUs  08m23.0s/14m00.0s

running (08m24.0s), 113/150 VUs, 368134 complete and 0 interrupted iterations
default   [  60% ] 113/150 VUs  08m24.0s/14m00.0s

running (08m25.0s), 114/150 VUs, 368827 complete and 0 interrupted iterations
default   [  60% ] 114/150 VUs  08m25.0s/14m00.0s

running (08m26.0s), 114/150 VUs, 369488 complete and 0 interrupted iterations
default   [  60% ] 114/150 VUs  08m26.0s/14m00.0s

running (08m27.0s), 114/150 VUs, 370282 complete and 0 interrupted iterations
default   [  60% ] 114/150 VUs  08m27.0s/14m00.0s

running (08m28.0s), 114/150 VUs, 371076 complete and 0 interrupted iterations
default   [  60% ] 114/150 VUs  08m28.0s/14m00.0s

running (08m29.0s), 114/150 VUs, 371750 complete and 0 interrupted iterations
default   [  61% ] 114/150 VUs  08m29.0s/14m00.0s

running (08m30.0s), 114/150 VUs, 372521 complete and 0 interrupted iterations
default   [  61% ] 114/150 VUs  08m30.0s/14m00.0s

running (08m31.0s), 115/150 VUs, 373356 complete and 0 interrupted iterations
default   [  61% ] 115/150 VUs  08m31.0s/14m00.0s

running (08m32.0s), 115/150 VUs, 374148 complete and 0 interrupted iterations
default   [  61% ] 115/150 VUs  08m32.0s/14m00.0s

running (08m33.0s), 115/150 VUs, 374843 complete and 0 interrupted iterations
default   [  61% ] 115/150 VUs  08m33.0s/14m00.0s

running (08m34.0s), 115/150 VUs, 375378 complete and 0 interrupted iterations
default   [  61% ] 115/150 VUs  08m34.0s/14m00.0s

running (08m35.0s), 115/150 VUs, 376300 complete and 0 interrupted iterations
default   [  61% ] 115/150 VUs  08m35.0s/14m00.0s

running (08m36.0s), 115/150 VUs, 377078 complete and 0 interrupted iterations
default   [  61% ] 115/150 VUs  08m36.0s/14m00.0s

running (08m37.0s), 116/150 VUs, 377754 complete and 0 interrupted iterations
default   [  62% ] 116/150 VUs  08m37.0s/14m00.0s

running (08m38.0s), 116/150 VUs, 378519 complete and 0 interrupted iterations
default   [  62% ] 116/150 VUs  08m38.0s/14m00.0s

running (08m39.0s), 116/150 VUs, 379142 complete and 0 interrupted iterations
default   [  62% ] 116/150 VUs  08m39.0s/14m00.0s

running (08m40.0s), 116/150 VUs, 379794 complete and 0 interrupted iterations
default   [  62% ] 116/150 VUs  08m40.0s/14m00.0s

running (08m41.0s), 116/150 VUs, 380388 complete and 0 interrupted iterations
default   [  62% ] 116/150 VUs  08m41.0s/14m00.0s

running (08m42.0s), 116/150 VUs, 381487 complete and 0 interrupted iterations
default   [  62% ] 116/150 VUs  08m42.0s/14m00.0s

running (08m43.0s), 117/150 VUs, 381748 complete and 0 interrupted iterations
default   [  62% ] 117/150 VUs  08m43.0s/14m00.0s

running (08m44.0s), 117/150 VUs, 382672 complete and 0 interrupted iterations
default   [  62% ] 117/150 VUs  08m44.0s/14m00.0s

running (08m45.0s), 117/150 VUs, 383632 complete and 0 interrupted iterations
default   [  62% ] 117/150 VUs  08m45.0s/14m00.0s

running (08m46.0s), 117/150 VUs, 384227 complete and 0 interrupted iterations
default   [  63% ] 117/150 VUs  08m46.0s/14m00.0s

running (08m47.0s), 117/150 VUs, 384986 complete and 0 interrupted iterations
default   [  63% ] 117/150 VUs  08m47.0s/14m00.0s

running (08m48.0s), 117/150 VUs, 385692 complete and 0 interrupted iterations
default   [  63% ] 117/150 VUs  08m48.0s/14m00.0s

running (08m49.0s), 118/150 VUs, 386301 complete and 0 interrupted iterations
default   [  63% ] 118/150 VUs  08m49.0s/14m00.0s

running (08m50.0s), 118/150 VUs, 387280 complete and 0 interrupted iterations
default   [  63% ] 118/150 VUs  08m50.0s/14m00.0s

running (08m51.0s), 118/150 VUs, 387892 complete and 0 interrupted iterations
default   [  63% ] 118/150 VUs  08m51.0s/14m00.0s

running (08m52.0s), 118/150 VUs, 388858 complete and 0 interrupted iterations
default   [  63% ] 118/150 VUs  08m52.0s/14m00.0s

running (08m53.0s), 118/150 VUs, 389282 complete and 0 interrupted iterations
default   [  63% ] 118/150 VUs  08m53.0s/14m00.0s

running (08m54.0s), 118/150 VUs, 390168 complete and 0 interrupted iterations
default   [  64% ] 118/150 VUs  08m54.0s/14m00.0s

running (08m55.0s), 119/150 VUs, 390658 complete and 0 interrupted iterations
default   [  64% ] 119/150 VUs  08m55.0s/14m00.0s

running (08m56.0s), 119/150 VUs, 391637 complete and 0 interrupted iterations
default   [  64% ] 119/150 VUs  08m56.0s/14m00.0s

running (08m57.0s), 119/150 VUs, 392325 complete and 0 interrupted iterations
default   [  64% ] 119/150 VUs  08m57.0s/14m00.0s

running (08m58.0s), 119/150 VUs, 393039 complete and 0 interrupted iterations
default   [  64% ] 119/150 VUs  08m58.0s/14m00.0s

running (08m59.0s), 119/150 VUs, 393930 complete and 0 interrupted iterations
default   [  64% ] 119/150 VUs  08m59.0s/14m00.0s

running (09m00.0s), 119/150 VUs, 394670 complete and 0 interrupted iterations
default   [  64% ] 119/150 VUs  09m00.0s/14m00.0s

running (09m01.0s), 120/150 VUs, 395324 complete and 0 interrupted iterations
default   [  64% ] 120/150 VUs  09m01.0s/14m00.0s

running (09m02.0s), 120/150 VUs, 396145 complete and 0 interrupted iterations
default   [  65% ] 120/150 VUs  09m02.0s/14m00.0s

running (09m03.0s), 120/150 VUs, 396907 complete and 0 interrupted iterations
default   [  65% ] 120/150 VUs  09m03.0s/14m00.0s

running (09m04.0s), 120/150 VUs, 397760 complete and 0 interrupted iterations
default   [  65% ] 120/150 VUs  09m04.0s/14m00.0s

running (09m05.0s), 120/150 VUs, 398605 complete and 0 interrupted iterations
default   [  65% ] 120/150 VUs  09m05.0s/14m00.0s

running (09m06.0s), 120/150 VUs, 399339 complete and 0 interrupted iterations
default   [  65% ] 120/150 VUs  09m06.0s/14m00.0s

running (09m07.0s), 121/150 VUs, 400094 complete and 0 interrupted iterations
default   [  65% ] 121/150 VUs  09m07.0s/14m00.0s

running (09m08.0s), 121/150 VUs, 400880 complete and 0 interrupted iterations
default   [  65% ] 121/150 VUs  09m08.0s/14m00.0s

running (09m09.0s), 121/150 VUs, 401663 complete and 0 interrupted iterations
default   [  65% ] 121/150 VUs  09m09.0s/14m00.0s

running (09m10.0s), 121/150 VUs, 402444 complete and 0 interrupted iterations
default   [  65% ] 121/150 VUs  09m10.0s/14m00.0s

running (09m11.0s), 121/150 VUs, 403236 complete and 0 interrupted iterations
default   [  66% ] 121/150 VUs  09m11.0s/14m00.0s

running (09m12.0s), 121/150 VUs, 404042 complete and 0 interrupted iterations
default   [  66% ] 121/150 VUs  09m12.0s/14m00.0s

running (09m13.0s), 122/150 VUs, 404618 complete and 0 interrupted iterations
default   [  66% ] 122/150 VUs  09m13.0s/14m00.0s

running (09m14.0s), 122/150 VUs, 405550 complete and 0 interrupted iterations
default   [  66% ] 122/150 VUs  09m14.0s/14m00.0s

running (09m15.0s), 122/150 VUs, 406368 complete and 0 interrupted iterations
default   [  66% ] 122/150 VUs  09m15.0s/14m00.0s

running (09m16.0s), 122/150 VUs, 407221 complete and 0 interrupted iterations
default   [  66% ] 122/150 VUs  09m16.0s/14m00.0s

running (09m17.0s), 122/150 VUs, 407933 complete and 0 interrupted iterations
default   [  66% ] 122/150 VUs  09m17.0s/14m00.0s

running (09m18.0s), 122/150 VUs, 408583 complete and 0 interrupted iterations
default   [  66% ] 122/150 VUs  09m18.0s/14m00.0s

running (09m19.0s), 123/150 VUs, 409273 complete and 0 interrupted iterations
default   [  67% ] 123/150 VUs  09m19.0s/14m00.0s

running (09m20.0s), 123/150 VUs, 410038 complete and 0 interrupted iterations
default   [  67% ] 123/150 VUs  09m20.0s/14m00.0s

running (09m21.0s), 123/150 VUs, 410914 complete and 0 interrupted iterations
default   [  67% ] 123/150 VUs  09m21.0s/14m00.0s

running (09m22.0s), 123/150 VUs, 411384 complete and 0 interrupted iterations
default   [  67% ] 123/150 VUs  09m22.0s/14m00.0s

running (09m23.0s), 123/150 VUs, 412415 complete and 0 interrupted iterations
default   [  67% ] 123/150 VUs  09m23.0s/14m00.0s

running (09m24.0s), 123/150 VUs, 413003 complete and 0 interrupted iterations
default   [  67% ] 123/150 VUs  09m24.0s/14m00.0s

running (09m25.0s), 124/150 VUs, 413954 complete and 0 interrupted iterations
default   [  67% ] 124/150 VUs  09m25.0s/14m00.0s

running (09m26.0s), 124/150 VUs, 414652 complete and 0 interrupted iterations
default   [  67% ] 124/150 VUs  09m26.0s/14m00.0s

running (09m27.0s), 124/150 VUs, 415517 complete and 0 interrupted iterations
default   [  67% ] 124/150 VUs  09m27.0s/14m00.0s

running (09m28.0s), 124/150 VUs, 416137 complete and 0 interrupted iterations
default   [  68% ] 124/150 VUs  09m28.0s/14m00.0s

running (09m29.0s), 124/150 VUs, 417041 complete and 0 interrupted iterations
default   [  68% ] 124/150 VUs  09m29.0s/14m00.0s

running (09m30.0s), 124/150 VUs, 417993 complete and 0 interrupted iterations
default   [  68% ] 124/150 VUs  09m30.0s/14m00.0s

running (09m31.0s), 125/150 VUs, 418831 complete and 0 interrupted iterations
default   [  68% ] 125/150 VUs  09m31.0s/14m00.0s

running (09m32.0s), 125/150 VUs, 419418 complete and 0 interrupted iterations
default   [  68% ] 125/150 VUs  09m32.0s/14m00.0s

running (09m33.0s), 125/150 VUs, 420493 complete and 0 interrupted iterations
default   [  68% ] 125/150 VUs  09m33.0s/14m00.0s

running (09m34.0s), 125/150 VUs, 421132 complete and 0 interrupted iterations
default   [  68% ] 125/150 VUs  09m34.0s/14m00.0s

running (09m35.0s), 125/150 VUs, 421948 complete and 0 interrupted iterations
default   [  68% ] 125/150 VUs  09m35.0s/14m00.0s

running (09m36.0s), 125/150 VUs, 422758 complete and 0 interrupted iterations
default   [  69% ] 125/150 VUs  09m36.0s/14m00.0s

running (09m37.0s), 126/150 VUs, 423489 complete and 0 interrupted iterations
default   [  69% ] 126/150 VUs  09m37.0s/14m00.0s

running (09m38.0s), 126/150 VUs, 424312 complete and 0 interrupted iterations
default   [  69% ] 126/150 VUs  09m38.0s/14m00.0s

running (09m39.0s), 126/150 VUs, 424789 complete and 0 interrupted iterations
default   [  69% ] 126/150 VUs  09m39.0s/14m00.0s

running (09m40.0s), 126/150 VUs, 425599 complete and 0 interrupted iterations
default   [  69% ] 126/150 VUs  09m40.0s/14m00.0s

running (09m41.0s), 126/150 VUs, 426593 complete and 0 interrupted iterations
default   [  69% ] 126/150 VUs  09m41.0s/14m00.0s

running (09m42.0s), 126/150 VUs, 427081 complete and 0 interrupted iterations
default   [  69% ] 126/150 VUs  09m42.0s/14m00.0s

running (09m43.0s), 127/150 VUs, 427797 complete and 0 interrupted iterations
default   [  69% ] 127/150 VUs  09m43.0s/14m00.0s

running (09m44.0s), 127/150 VUs, 428645 complete and 0 interrupted iterations
default   [  70% ] 127/150 VUs  09m44.0s/14m00.0s

running (09m45.0s), 127/150 VUs, 429593 complete and 0 interrupted iterations
default   [  70% ] 127/150 VUs  09m45.0s/14m00.0s

running (09m46.0s), 127/150 VUs, 430219 complete and 0 interrupted iterations
default   [  70% ] 127/150 VUs  09m46.0s/14m00.0s

running (09m47.0s), 127/150 VUs, 431176 complete and 0 interrupted iterations
default   [  70% ] 127/150 VUs  09m47.0s/14m00.0s

running (09m48.0s), 127/150 VUs, 431682 complete and 0 interrupted iterations
default   [  70% ] 127/150 VUs  09m48.0s/14m00.0s

running (09m49.0s), 128/150 VUs, 432503 complete and 0 interrupted iterations
default   [  70% ] 128/150 VUs  09m49.0s/14m00.0s

running (09m50.0s), 128/150 VUs, 433344 complete and 0 interrupted iterations
default   [  70% ] 128/150 VUs  09m50.0s/14m00.0s

running (09m51.0s), 128/150 VUs, 434152 complete and 0 interrupted iterations
default   [  70% ] 128/150 VUs  09m51.0s/14m00.0s

running (09m52.0s), 128/150 VUs, 434650 complete and 0 interrupted iterations
default   [  70% ] 128/150 VUs  09m52.0s/14m00.0s

running (09m53.0s), 128/150 VUs, 435557 complete and 0 interrupted iterations
default   [  71% ] 128/150 VUs  09m53.0s/14m00.0s

running (09m54.0s), 128/150 VUs, 436358 complete and 0 interrupted iterations
default   [  71% ] 128/150 VUs  09m54.0s/14m00.0s

running (09m55.0s), 129/150 VUs, 437164 complete and 0 interrupted iterations
default   [  71% ] 129/150 VUs  09m55.0s/14m00.0s

running (09m56.0s), 129/150 VUs, 437957 complete and 0 interrupted iterations
default   [  71% ] 129/150 VUs  09m56.0s/14m00.0s

running (09m57.0s), 129/150 VUs, 438716 complete and 0 interrupted iterations
default   [  71% ] 129/150 VUs  09m57.0s/14m00.0s

running (09m58.0s), 129/150 VUs, 439575 complete and 0 interrupted iterations
default   [  71% ] 129/150 VUs  09m58.0s/14m00.0s

running (09m59.0s), 129/150 VUs, 440283 complete and 0 interrupted iterations
default   [  71% ] 129/150 VUs  09m59.0s/14m00.0s

running (10m00.0s), 129/150 VUs, 441055 complete and 0 interrupted iterations
default   [  71% ] 129/150 VUs  10m00.0s/14m00.0s

running (10m01.0s), 130/150 VUs, 441735 complete and 0 interrupted iterations
default   [  72% ] 130/150 VUs  10m01.0s/14m00.0s

running (10m02.0s), 130/150 VUs, 442557 complete and 0 interrupted iterations
default   [  72% ] 130/150 VUs  10m02.0s/14m00.0s

running (10m03.0s), 130/150 VUs, 443212 complete and 0 interrupted iterations
default   [  72% ] 130/150 VUs  10m03.0s/14m00.0s

running (10m04.0s), 130/150 VUs, 444005 complete and 0 interrupted iterations
default   [  72% ] 130/150 VUs  10m04.0s/14m00.0s

running (10m05.0s), 130/150 VUs, 444403 complete and 0 interrupted iterations
default   [  72% ] 130/150 VUs  10m05.0s/14m00.0s

running (10m06.0s), 130/150 VUs, 445359 complete and 0 interrupted iterations
default   [  72% ] 130/150 VUs  10m06.0s/14m00.0s

running (10m07.0s), 131/150 VUs, 445948 complete and 0 interrupted iterations
default   [  72% ] 131/150 VUs  10m07.0s/14m00.0s

running (10m08.0s), 131/150 VUs, 446869 complete and 0 interrupted iterations
default   [  72% ] 131/150 VUs  10m08.0s/14m00.0s

running (10m09.0s), 131/150 VUs, 447180 complete and 0 interrupted iterations
default   [  72% ] 131/150 VUs  10m09.0s/14m00.0s

running (10m10.0s), 131/150 VUs, 448528 complete and 0 interrupted iterations
default   [  73% ] 131/150 VUs  10m10.0s/14m00.0s

running (10m11.0s), 131/150 VUs, 449071 complete and 0 interrupted iterations
default   [  73% ] 131/150 VUs  10m11.0s/14m00.0s

running (10m12.0s), 131/150 VUs, 449996 complete and 0 interrupted iterations
default   [  73% ] 131/150 VUs  10m12.0s/14m00.0s

running (10m13.0s), 132/150 VUs, 450681 complete and 0 interrupted iterations
default   [  73% ] 132/150 VUs  10m13.0s/14m00.0s

running (10m14.0s), 132/150 VUs, 451438 complete and 0 interrupted iterations
default   [  73% ] 132/150 VUs  10m14.0s/14m00.0s

running (10m15.0s), 132/150 VUs, 452103 complete and 0 interrupted iterations
default   [  73% ] 132/150 VUs  10m15.0s/14m00.0s

running (10m16.0s), 132/150 VUs, 452951 complete and 0 interrupted iterations
default   [  73% ] 132/150 VUs  10m16.0s/14m00.0s

running (10m17.0s), 132/150 VUs, 453631 complete and 0 interrupted iterations
default   [  73% ] 132/150 VUs  10m17.0s/14m00.0s

running (10m18.0s), 132/150 VUs, 454564 complete and 0 interrupted iterations
default   [  74% ] 132/150 VUs  10m18.0s/14m00.0s

running (10m19.0s), 133/150 VUs, 455294 complete and 0 interrupted iterations
default   [  74% ] 133/150 VUs  10m19.0s/14m00.0s

running (10m20.0s), 133/150 VUs, 455861 complete and 0 interrupted iterations
default   [  74% ] 133/150 VUs  10m20.0s/14m00.0s

running (10m21.0s), 133/150 VUs, 456690 complete and 0 interrupted iterations
default   [  74% ] 133/150 VUs  10m21.0s/14m00.0s

running (10m22.0s), 133/150 VUs, 457520 complete and 0 interrupted iterations
default   [  74% ] 133/150 VUs  10m22.0s/14m00.0s

running (10m23.0s), 133/150 VUs, 458219 complete and 0 interrupted iterations
default   [  74% ] 133/150 VUs  10m23.0s/14m00.0s

running (10m24.0s), 133/150 VUs, 459099 complete and 0 interrupted iterations
default   [  74% ] 133/150 VUs  10m24.0s/14m00.0s

running (10m25.0s), 134/150 VUs, 459829 complete and 0 interrupted iterations
default   [  74% ] 134/150 VUs  10m25.0s/14m00.0s

running (10m26.0s), 134/150 VUs, 460698 complete and 0 interrupted iterations
default   [  75% ] 134/150 VUs  10m26.0s/14m00.0s

running (10m27.0s), 134/150 VUs, 461404 complete and 0 interrupted iterations
default   [  75% ] 134/150 VUs  10m27.0s/14m00.0s

running (10m28.0s), 134/150 VUs, 462153 complete and 0 interrupted iterations
default   [  75% ] 134/150 VUs  10m28.0s/14m00.0s

running (10m29.0s), 134/150 VUs, 462881 complete and 0 interrupted iterations
default   [  75% ] 134/150 VUs  10m29.0s/14m00.0s

running (10m30.0s), 134/150 VUs, 463739 complete and 0 interrupted iterations
default   [  75% ] 134/150 VUs  10m30.0s/14m00.0s

running (10m31.0s), 135/150 VUs, 464705 complete and 0 interrupted iterations
default   [  75% ] 135/150 VUs  10m31.0s/14m00.0s

running (10m32.0s), 135/150 VUs, 465437 complete and 0 interrupted iterations
default   [  75% ] 135/150 VUs  10m32.0s/14m00.0s

running (10m33.0s), 135/150 VUs, 466187 complete and 0 interrupted iterations
default   [  75% ] 135/150 VUs  10m33.0s/14m00.0s

running (10m34.0s), 135/150 VUs, 466800 complete and 0 interrupted iterations
default   [  75% ] 135/150 VUs  10m34.0s/14m00.0s

running (10m35.0s), 135/150 VUs, 467521 complete and 0 interrupted iterations
default   [  76% ] 135/150 VUs  10m35.0s/14m00.0s

running (10m36.0s), 135/150 VUs, 468408 complete and 0 interrupted iterations
default   [  76% ] 135/150 VUs  10m36.0s/14m00.0s

running (10m37.0s), 136/150 VUs, 469216 complete and 0 interrupted iterations
default   [  76% ] 136/150 VUs  10m37.0s/14m00.0s

running (10m38.0s), 136/150 VUs, 470006 complete and 0 interrupted iterations
default   [  76% ] 136/150 VUs  10m38.0s/14m00.0s

running (10m39.0s), 136/150 VUs, 470604 complete and 0 interrupted iterations
default   [  76% ] 136/150 VUs  10m39.0s/14m00.0s

running (10m40.0s), 136/150 VUs, 471396 complete and 0 interrupted iterations
default   [  76% ] 136/150 VUs  10m40.0s/14m00.0s

running (10m41.0s), 136/150 VUs, 472238 complete and 0 interrupted iterations
default   [  76% ] 136/150 VUs  10m41.0s/14m00.0s

running (10m42.0s), 136/150 VUs, 473031 complete and 0 interrupted iterations
default   [  76% ] 136/150 VUs  10m42.0s/14m00.0s

running (10m43.0s), 137/150 VUs, 473799 complete and 0 interrupted iterations
default   [  77% ] 137/150 VUs  10m43.0s/14m00.0s

running (10m44.0s), 137/150 VUs, 474281 complete and 0 interrupted iterations
default   [  77% ] 137/150 VUs  10m44.0s/14m00.0s

running (10m45.0s), 137/150 VUs, 475349 complete and 0 interrupted iterations
default   [  77% ] 137/150 VUs  10m45.0s/14m00.0s

running (10m46.0s), 137/150 VUs, 476124 complete and 0 interrupted iterations
default   [  77% ] 137/150 VUs  10m46.0s/14m00.0s

running (10m47.0s), 137/150 VUs, 476991 complete and 0 interrupted iterations
default   [  77% ] 137/150 VUs  10m47.0s/14m00.0s

running (10m48.0s), 137/150 VUs, 477524 complete and 0 interrupted iterations
default   [  77% ] 137/150 VUs  10m48.0s/14m00.0s

running (10m49.0s), 138/150 VUs, 478577 complete and 0 interrupted iterations
default   [  77% ] 138/150 VUs  10m49.0s/14m00.0s

running (10m50.0s), 138/150 VUs, 479017 complete and 0 interrupted iterations
default   [  77% ] 138/150 VUs  10m50.0s/14m00.0s

running (10m51.0s), 138/150 VUs, 479955 complete and 0 interrupted iterations
default   [  77% ] 138/150 VUs  10m51.0s/14m00.0s

running (10m52.0s), 138/150 VUs, 480648 complete and 0 interrupted iterations
default   [  78% ] 138/150 VUs  10m52.0s/14m00.0s

running (10m53.0s), 138/150 VUs, 481407 complete and 0 interrupted iterations
default   [  78% ] 138/150 VUs  10m53.0s/14m00.0s

running (10m54.0s), 138/150 VUs, 481656 complete and 0 interrupted iterations
default   [  78% ] 138/150 VUs  10m54.0s/14m00.0s

running (10m55.0s), 139/150 VUs, 482911 complete and 0 interrupted iterations
default   [  78% ] 139/150 VUs  10m55.0s/14m00.0s

running (10m56.0s), 139/150 VUs, 483472 complete and 0 interrupted iterations
default   [  78% ] 139/150 VUs  10m56.0s/14m00.0s

running (10m57.0s), 139/150 VUs, 484316 complete and 0 interrupted iterations
default   [  78% ] 139/150 VUs  10m57.0s/14m00.0s

running (10m58.0s), 139/150 VUs, 484865 complete and 0 interrupted iterations
default   [  78% ] 139/150 VUs  10m58.0s/14m00.0s

running (10m59.0s), 139/150 VUs, 485827 complete and 0 interrupted iterations
default   [  78% ] 139/150 VUs  10m59.0s/14m00.0s

running (11m00.0s), 139/150 VUs, 486429 complete and 0 interrupted iterations
default   [  79% ] 139/150 VUs  11m00.0s/14m00.0s

running (11m01.0s), 140/150 VUs, 487161 complete and 0 interrupted iterations
default   [  79% ] 140/150 VUs  11m01.0s/14m00.0s

running (11m02.0s), 140/150 VUs, 488067 complete and 0 interrupted iterations
default   [  79% ] 140/150 VUs  11m02.0s/14m00.0s

running (11m03.0s), 140/150 VUs, 488693 complete and 0 interrupted iterations
default   [  79% ] 140/150 VUs  11m03.0s/14m00.0s

running (11m04.0s), 140/150 VUs, 489646 complete and 0 interrupted iterations
default   [  79% ] 140/150 VUs  11m04.0s/14m00.0s

running (11m05.0s), 140/150 VUs, 490518 complete and 0 interrupted iterations
default   [  79% ] 140/150 VUs  11m05.0s/14m00.0s

running (11m06.0s), 140/150 VUs, 491111 complete and 0 interrupted iterations
default   [  79% ] 140/150 VUs  11m06.0s/14m00.0s

running (11m07.0s), 141/150 VUs, 492009 complete and 0 interrupted iterations
default   [  79% ] 141/150 VUs  11m07.0s/14m00.0s

running (11m08.0s), 141/150 VUs, 492667 complete and 0 interrupted iterations
default   [  80% ] 141/150 VUs  11m08.0s/14m00.0s

running (11m09.0s), 141/150 VUs, 493249 complete and 0 interrupted iterations
default   [  80% ] 141/150 VUs  11m09.0s/14m00.0s

running (11m10.0s), 141/150 VUs, 494031 complete and 0 interrupted iterations
default   [  80% ] 141/150 VUs  11m10.0s/14m00.0s

running (11m11.0s), 141/150 VUs, 494744 complete and 0 interrupted iterations
default   [  80% ] 141/150 VUs  11m11.0s/14m00.0s

running (11m12.0s), 141/150 VUs, 495743 complete and 0 interrupted iterations
default   [  80% ] 141/150 VUs  11m12.0s/14m00.0s

running (11m13.0s), 142/150 VUs, 496544 complete and 0 interrupted iterations
default   [  80% ] 142/150 VUs  11m13.0s/14m00.0s

running (11m14.0s), 142/150 VUs, 497203 complete and 0 interrupted iterations
default   [  80% ] 142/150 VUs  11m14.0s/14m00.0s

running (11m15.0s), 142/150 VUs, 498145 complete and 0 interrupted iterations
default   [  80% ] 142/150 VUs  11m15.0s/14m00.0s

running (11m16.0s), 142/150 VUs, 498873 complete and 0 interrupted iterations
default   [  80% ] 142/150 VUs  11m16.0s/14m00.0s

running (11m17.0s), 142/150 VUs, 499779 complete and 0 interrupted iterations
default   [  81% ] 142/150 VUs  11m17.0s/14m00.0s

running (11m18.0s), 142/150 VUs, 500439 complete and 0 interrupted iterations
default   [  81% ] 142/150 VUs  11m18.0s/14m00.0s

running (11m19.0s), 143/150 VUs, 501278 complete and 0 interrupted iterations
default   [  81% ] 143/150 VUs  11m19.0s/14m00.0s

running (11m20.0s), 143/150 VUs, 502002 complete and 0 interrupted iterations
default   [  81% ] 143/150 VUs  11m20.0s/14m00.0s

running (11m21.0s), 143/150 VUs, 502883 complete and 0 interrupted iterations
default   [  81% ] 143/150 VUs  11m21.0s/14m00.0s

running (11m22.0s), 143/150 VUs, 503404 complete and 0 interrupted iterations
default   [  81% ] 143/150 VUs  11m22.0s/14m00.0s

running (11m23.0s), 143/150 VUs, 504244 complete and 0 interrupted iterations
default   [  81% ] 143/150 VUs  11m23.0s/14m00.0s

running (11m24.0s), 143/150 VUs, 504954 complete and 0 interrupted iterations
default   [  81% ] 143/150 VUs  11m24.0s/14m00.0s

running (11m25.0s), 144/150 VUs, 505783 complete and 0 interrupted iterations
default   [  82% ] 144/150 VUs  11m25.0s/14m00.0s

running (11m26.0s), 144/150 VUs, 506405 complete and 0 interrupted iterations
default   [  82% ] 144/150 VUs  11m26.0s/14m00.0s

running (11m27.0s), 144/150 VUs, 507241 complete and 0 interrupted iterations
default   [  82% ] 144/150 VUs  11m27.0s/14m00.0s

running (11m28.0s), 144/150 VUs, 507996 complete and 0 interrupted iterations
default   [  82% ] 144/150 VUs  11m28.0s/14m00.0s

running (11m29.0s), 144/150 VUs, 508815 complete and 0 interrupted iterations
default   [  82% ] 144/150 VUs  11m29.0s/14m00.0s

running (11m30.0s), 144/150 VUs, 509646 complete and 0 interrupted iterations
default   [  82% ] 144/150 VUs  11m30.0s/14m00.0s

running (11m31.0s), 145/150 VUs, 510341 complete and 0 interrupted iterations
default   [  82% ] 145/150 VUs  11m31.0s/14m00.0s

running (11m32.0s), 145/150 VUs, 511353 complete and 0 interrupted iterations
default   [  82% ] 145/150 VUs  11m32.0s/14m00.0s

running (11m33.0s), 145/150 VUs, 512016 complete and 0 interrupted iterations
default   [  82% ] 145/150 VUs  11m33.0s/14m00.0s

running (11m34.0s), 145/150 VUs, 512766 complete and 0 interrupted iterations
default   [  83% ] 145/150 VUs  11m34.0s/14m00.0s

running (11m35.0s), 145/150 VUs, 513525 complete and 0 interrupted iterations
default   [  83% ] 145/150 VUs  11m35.0s/14m00.0s

running (11m36.0s), 145/150 VUs, 514311 complete and 0 interrupted iterations
default   [  83% ] 145/150 VUs  11m36.0s/14m00.0s

running (11m37.0s), 146/150 VUs, 515126 complete and 0 interrupted iterations
default   [  83% ] 146/150 VUs  11m37.0s/14m00.0s

running (11m38.0s), 146/150 VUs, 515931 complete and 0 interrupted iterations
default   [  83% ] 146/150 VUs  11m38.0s/14m00.0s

running (11m39.0s), 146/150 VUs, 516594 complete and 0 interrupted iterations
default   [  83% ] 146/150 VUs  11m39.0s/14m00.0s

running (11m40.0s), 146/150 VUs, 517475 complete and 0 interrupted iterations
default   [  83% ] 146/150 VUs  11m40.0s/14m00.0s

running (11m41.0s), 146/150 VUs, 518020 complete and 0 interrupted iterations
default   [  83% ] 146/150 VUs  11m41.0s/14m00.0s

running (11m42.0s), 146/150 VUs, 518818 complete and 0 interrupted iterations
default   [  84% ] 146/150 VUs  11m42.0s/14m00.0s

running (11m43.0s), 147/150 VUs, 519514 complete and 0 interrupted iterations
default   [  84% ] 147/150 VUs  11m43.0s/14m00.0s

running (11m44.0s), 147/150 VUs, 520269 complete and 0 interrupted iterations
default   [  84% ] 147/150 VUs  11m44.0s/14m00.0s

running (11m45.0s), 147/150 VUs, 521082 complete and 0 interrupted iterations
default   [  84% ] 147/150 VUs  11m45.0s/14m00.0s

running (11m46.0s), 147/150 VUs, 521984 complete and 0 interrupted iterations
default   [  84% ] 147/150 VUs  11m46.0s/14m00.0s

running (11m47.0s), 147/150 VUs, 522663 complete and 0 interrupted iterations
default   [  84% ] 147/150 VUs  11m47.0s/14m00.0s

running (11m48.0s), 147/150 VUs, 523389 complete and 0 interrupted iterations
default   [  84% ] 147/150 VUs  11m48.0s/14m00.0s

running (11m49.0s), 148/150 VUs, 524185 complete and 0 interrupted iterations
default   [  84% ] 148/150 VUs  11m49.0s/14m00.0s

running (11m50.0s), 148/150 VUs, 524984 complete and 0 interrupted iterations
default   [  85% ] 148/150 VUs  11m50.0s/14m00.0s

running (11m51.0s), 148/150 VUs, 525774 complete and 0 interrupted iterations
default   [  85% ] 148/150 VUs  11m51.0s/14m00.0s

running (11m52.0s), 148/150 VUs, 526493 complete and 0 interrupted iterations
default   [  85% ] 148/150 VUs  11m52.0s/14m00.0s

running (11m53.0s), 148/150 VUs, 527332 complete and 0 interrupted iterations
default   [  85% ] 148/150 VUs  11m53.0s/14m00.0s

running (11m54.0s), 148/150 VUs, 528068 complete and 0 interrupted iterations
default   [  85% ] 148/150 VUs  11m54.0s/14m00.0s

running (11m55.0s), 149/150 VUs, 528688 complete and 0 interrupted iterations
default   [  85% ] 149/150 VUs  11m55.0s/14m00.0s

running (11m56.0s), 149/150 VUs, 529570 complete and 0 interrupted iterations
default   [  85% ] 149/150 VUs  11m56.0s/14m00.0s

running (11m57.0s), 149/150 VUs, 530113 complete and 0 interrupted iterations
default   [  85% ] 149/150 VUs  11m57.0s/14m00.0s

running (11m58.0s), 149/150 VUs, 531050 complete and 0 interrupted iterations
default   [  85% ] 149/150 VUs  11m58.0s/14m00.0s

running (11m59.0s), 149/150 VUs, 531697 complete and 0 interrupted iterations
default   [  86% ] 149/150 VUs  11m59.0s/14m00.0s

running (12m00.0s), 149/150 VUs, 532433 complete and 0 interrupted iterations
default   [  86% ] 149/150 VUs  12m00.0s/14m00.0s

running (12m01.0s), 149/150 VUs, 533123 complete and 0 interrupted iterations
default   [  86% ] 149/150 VUs  12m01.0s/14m00.0s

running (12m02.0s), 148/150 VUs, 533995 complete and 0 interrupted iterations
default   [  86% ] 148/150 VUs  12m02.0s/14m00.0s

running (12m03.0s), 148/150 VUs, 534575 complete and 0 interrupted iterations
default   [  86% ] 148/150 VUs  12m03.0s/14m00.0s

running (12m04.0s), 146/150 VUs, 535537 complete and 0 interrupted iterations
default   [  86% ] 146/150 VUs  12m04.0s/14m00.0s

running (12m05.0s), 145/150 VUs, 536302 complete and 0 interrupted iterations
default   [  86% ] 145/150 VUs  12m05.0s/14m00.0s

running (12m06.0s), 143/150 VUs, 536959 complete and 0 interrupted iterations
default   [  86% ] 143/150 VUs  12m06.0s/14m00.0s

running (12m07.0s), 142/150 VUs, 537792 complete and 0 interrupted iterations
default   [  87% ] 142/150 VUs  12m07.0s/14m00.0s

running (12m08.0s), 141/150 VUs, 538423 complete and 0 interrupted iterations
default   [  87% ] 141/150 VUs  12m08.0s/14m00.0s

running (12m09.0s), 139/150 VUs, 539268 complete and 0 interrupted iterations
default   [  87% ] 139/150 VUs  12m09.0s/14m00.0s

running (12m10.0s), 138/150 VUs, 540204 complete and 0 interrupted iterations
default   [  87% ] 138/150 VUs  12m10.0s/14m00.0s

running (12m11.0s), 138/150 VUs, 540836 complete and 0 interrupted iterations
default   [  87% ] 138/150 VUs  12m11.0s/14m00.0s

running (12m12.0s), 136/150 VUs, 541609 complete and 0 interrupted iterations
default   [  87% ] 136/150 VUs  12m12.0s/14m00.0s

running (12m13.0s), 135/150 VUs, 542421 complete and 0 interrupted iterations
default   [  87% ] 135/150 VUs  12m13.0s/14m00.0s

running (12m14.0s), 134/150 VUs, 542561 complete and 0 interrupted iterations
default   [  87% ] 134/150 VUs  12m14.0s/14m00.0s

running (12m15.0s), 132/150 VUs, 543166 complete and 0 interrupted iterations
default   [  87% ] 132/150 VUs  12m15.0s/14m00.0s

running (12m16.0s), 131/150 VUs, 543798 complete and 0 interrupted iterations
default   [  88% ] 131/150 VUs  12m16.0s/14m00.0s

running (12m17.0s), 129/150 VUs, 544807 complete and 0 interrupted iterations
default   [  88% ] 129/150 VUs  12m17.0s/14m00.0s

running (12m18.0s), 128/150 VUs, 545565 complete and 0 interrupted iterations
default   [  88% ] 128/150 VUs  12m18.0s/14m00.0s

running (12m19.0s), 127/150 VUs, 546093 complete and 0 interrupted iterations
default   [  88% ] 127/150 VUs  12m19.0s/14m00.0s

running (12m20.0s), 126/150 VUs, 546882 complete and 0 interrupted iterations
default   [  88% ] 126/150 VUs  12m20.0s/14m00.0s

running (12m21.0s), 125/150 VUs, 547725 complete and 0 interrupted iterations
default   [  88% ] 125/150 VUs  12m21.0s/14m00.0s

running (12m22.0s), 123/150 VUs, 548451 complete and 0 interrupted iterations
default   [  88% ] 123/150 VUs  12m22.0s/14m00.0s

running (12m23.0s), 122/150 VUs, 549216 complete and 0 interrupted iterations
default   [  88% ] 122/150 VUs  12m23.0s/14m00.0s

running (12m24.0s), 121/150 VUs, 549892 complete and 0 interrupted iterations
default   [  89% ] 121/150 VUs  12m24.0s/14m00.0s

running (12m25.0s), 119/150 VUs, 550645 complete and 0 interrupted iterations
default   [  89% ] 119/150 VUs  12m25.0s/14m00.0s

running (12m26.0s), 118/150 VUs, 551086 complete and 0 interrupted iterations
default   [  89% ] 118/150 VUs  12m26.0s/14m00.0s

running (12m27.0s), 117/150 VUs, 552249 complete and 0 interrupted iterations
default   [  89% ] 117/150 VUs  12m27.0s/14m00.0s

running (12m28.0s), 116/150 VUs, 552882 complete and 0 interrupted iterations
default   [  89% ] 116/150 VUs  12m28.0s/14m00.0s

running (12m29.0s), 115/150 VUs, 553595 complete and 0 interrupted iterations
default   [  89% ] 115/150 VUs  12m29.0s/14m00.0s

running (12m30.0s), 113/150 VUs, 554322 complete and 0 interrupted iterations
default   [  89% ] 113/150 VUs  12m30.0s/14m00.0s

running (12m31.0s), 112/150 VUs, 555102 complete and 0 interrupted iterations
default   [  89% ] 112/150 VUs  12m31.0s/14m00.0s

running (12m32.0s), 111/150 VUs, 555954 complete and 0 interrupted iterations
default   [  90% ] 111/150 VUs  12m32.0s/14m00.0s

running (12m33.0s), 110/150 VUs, 556723 complete and 0 interrupted iterations
default   [  90% ] 110/150 VUs  12m33.0s/14m00.0s

running (12m34.0s), 108/150 VUs, 557474 complete and 0 interrupted iterations
default   [  90% ] 108/150 VUs  12m34.0s/14m00.0s

running (12m35.0s), 107/150 VUs, 558137 complete and 0 interrupted iterations
default   [  90% ] 107/150 VUs  12m35.0s/14m00.0s

running (12m36.0s), 106/150 VUs, 558801 complete and 0 interrupted iterations
default   [  90% ] 106/150 VUs  12m36.0s/14m00.0s

running (12m37.0s), 105/150 VUs, 559529 complete and 0 interrupted iterations
default   [  90% ] 105/150 VUs  12m37.0s/14m00.0s

running (12m38.0s), 103/150 VUs, 560334 complete and 0 interrupted iterations
default   [  90% ] 103/150 VUs  12m38.0s/14m00.0s

running (12m39.0s), 102/150 VUs, 561128 complete and 0 interrupted iterations
default   [  90% ] 102/150 VUs  12m39.0s/14m00.0s

running (12m40.0s), 101/150 VUs, 561822 complete and 0 interrupted iterations
default   [  90% ] 101/150 VUs  12m40.0s/14m00.0s

running (12m41.0s), 099/150 VUs, 562541 complete and 0 interrupted iterations
default   [  91% ] 099/150 VUs  12m41.0s/14m00.0s

running (12m42.0s), 098/150 VUs, 563463 complete and 0 interrupted iterations
default   [  91% ] 098/150 VUs  12m42.0s/14m00.0s

running (12m43.0s), 097/150 VUs, 564179 complete and 0 interrupted iterations
default   [  91% ] 097/150 VUs  12m43.0s/14m00.0s

running (12m44.0s), 096/150 VUs, 564746 complete and 0 interrupted iterations
default   [  91% ] 096/150 VUs  12m44.0s/14m00.0s

running (12m45.0s), 095/150 VUs, 565287 complete and 0 interrupted iterations
default   [  91% ] 095/150 VUs  12m45.0s/14m00.0s

running (12m46.0s), 093/150 VUs, 566262 complete and 0 interrupted iterations
default   [  91% ] 093/150 VUs  12m46.0s/14m00.0s

running (12m47.0s), 092/150 VUs, 567003 complete and 0 interrupted iterations
default   [  91% ] 092/150 VUs  12m47.0s/14m00.0s

running (12m48.0s), 091/150 VUs, 567827 complete and 0 interrupted iterations
default   [  91% ] 091/150 VUs  12m48.0s/14m00.0s

running (12m49.0s), 090/150 VUs, 568492 complete and 0 interrupted iterations
default   [  92% ] 090/150 VUs  12m49.0s/14m00.0s

running (12m50.0s), 088/150 VUs, 569327 complete and 0 interrupted iterations
default   [  92% ] 088/150 VUs  12m50.0s/14m00.0s

running (12m51.0s), 087/150 VUs, 570043 complete and 0 interrupted iterations
default   [  92% ] 087/150 VUs  12m51.0s/14m00.0s

running (12m52.0s), 086/150 VUs, 570846 complete and 0 interrupted iterations
default   [  92% ] 086/150 VUs  12m52.0s/14m00.0s

running (12m53.0s), 084/150 VUs, 571337 complete and 0 interrupted iterations
default   [  92% ] 084/150 VUs  12m53.0s/14m00.0s

running (12m54.0s), 083/150 VUs, 572002 complete and 0 interrupted iterations
default   [  92% ] 083/150 VUs  12m54.0s/14m00.0s

running (12m55.0s), 083/150 VUs, 572901 complete and 0 interrupted iterations
default   [  92% ] 083/150 VUs  12m55.0s/14m00.0s

running (12m56.0s), 081/150 VUs, 573763 complete and 0 interrupted iterations
default   [  92% ] 081/150 VUs  12m56.0s/14m00.0s

running (12m57.0s), 080/150 VUs, 574516 complete and 0 interrupted iterations
default   [  92% ] 080/150 VUs  12m57.0s/14m00.0s

running (12m58.0s), 078/150 VUs, 575246 complete and 0 interrupted iterations
default   [  93% ] 078/150 VUs  12m58.0s/14m00.0s

running (12m59.0s), 077/150 VUs, 575963 complete and 0 interrupted iterations
default   [  93% ] 077/150 VUs  12m59.0s/14m00.0s

running (13m00.0s), 076/150 VUs, 576648 complete and 0 interrupted iterations
default   [  93% ] 076/150 VUs  13m00.0s/14m00.0s

running (13m01.0s), 074/150 VUs, 577212 complete and 0 interrupted iterations
default   [  93% ] 074/150 VUs  13m01.0s/14m00.0s

running (13m02.0s), 073/150 VUs, 577994 complete and 0 interrupted iterations
default   [  93% ] 073/150 VUs  13m02.0s/14m00.0s

running (13m03.0s), 072/150 VUs, 578626 complete and 0 interrupted iterations
default   [  93% ] 072/150 VUs  13m03.0s/14m00.0s

running (13m04.0s), 071/150 VUs, 579231 complete and 0 interrupted iterations
default   [  93% ] 071/150 VUs  13m04.0s/14m00.0s

running (13m05.0s), 069/150 VUs, 579808 complete and 0 interrupted iterations
default   [  93% ] 069/150 VUs  13m05.0s/14m00.0s

running (13m06.0s), 068/150 VUs, 580618 complete and 0 interrupted iterations
default   [  94% ] 068/150 VUs  13m06.0s/14m00.0s

running (13m07.0s), 067/150 VUs, 581450 complete and 0 interrupted iterations
default   [  94% ] 067/150 VUs  13m07.0s/14m00.0s

running (13m08.0s), 066/150 VUs, 582356 complete and 0 interrupted iterations
default   [  94% ] 066/150 VUs  13m08.0s/14m00.0s

running (13m09.0s), 065/150 VUs, 582943 complete and 0 interrupted iterations
default   [  94% ] 065/150 VUs  13m09.0s/14m00.0s

running (13m10.0s), 063/150 VUs, 583758 complete and 0 interrupted iterations
default   [  94% ] 063/150 VUs  13m10.0s/14m00.0s

running (13m11.0s), 062/150 VUs, 584211 complete and 0 interrupted iterations
default   [  94% ] 062/150 VUs  13m11.0s/14m00.0s

running (13m12.0s), 061/150 VUs, 585084 complete and 0 interrupted iterations
default   [  94% ] 061/150 VUs  13m12.0s/14m00.0s

running (13m13.0s), 060/150 VUs, 585634 complete and 0 interrupted iterations
default   [  94% ] 060/150 VUs  13m13.0s/14m00.0s

running (13m14.0s), 059/150 VUs, 585915 complete and 0 interrupted iterations
default   [  95% ] 059/150 VUs  13m14.0s/14m00.0s

running (13m15.0s), 059/150 VUs, 585962 complete and 0 interrupted iterations
default   [  95% ] 059/150 VUs  13m15.0s/14m00.0s

running (13m16.0s), 059/150 VUs, 585995 complete and 0 interrupted iterations
default   [  95% ] 059/150 VUs  13m16.0s/14m00.0s

running (13m17.0s), 055/150 VUs, 586054 complete and 0 interrupted iterations
default   [  95% ] 055/150 VUs  13m17.0s/14m00.0s

running (13m18.0s), 054/150 VUs, 586083 complete and 0 interrupted iterations
default   [  95% ] 054/150 VUs  13m18.0s/14m00.0s

running (13m19.0s), 054/150 VUs, 586133 complete and 0 interrupted iterations
default   [  95% ] 054/150 VUs  13m19.0s/14m00.0s

running (13m20.0s), 054/150 VUs, 586164 complete and 0 interrupted iterations
default   [  95% ] 054/150 VUs  13m20.0s/14m00.0s

running (13m21.0s), 049/150 VUs, 586707 complete and 0 interrupted iterations
default   [  95% ] 049/150 VUs  13m21.0s/14m00.0s

running (13m22.0s), 048/150 VUs, 587500 complete and 0 interrupted iterations
default   [  95% ] 048/150 VUs  13m22.0s/14m00.0s

running (13m23.0s), 047/150 VUs, 588160 complete and 0 interrupted iterations
default   [  96% ] 047/150 VUs  13m23.0s/14m00.0s

running (13m24.0s), 046/150 VUs, 588911 complete and 0 interrupted iterations
default   [  96% ] 046/150 VUs  13m24.0s/14m00.0s

running (13m25.0s), 044/150 VUs, 589781 complete and 0 interrupted iterations
default   [  96% ] 044/150 VUs  13m25.0s/14m00.0s

running (13m26.0s), 043/150 VUs, 590395 complete and 0 interrupted iterations
default   [  96% ] 043/150 VUs  13m26.0s/14m00.0s

running (13m27.0s), 042/150 VUs, 591136 complete and 0 interrupted iterations
default   [  96% ] 042/150 VUs  13m27.0s/14m00.0s

running (13m28.0s), 041/150 VUs, 591910 complete and 0 interrupted iterations
default   [  96% ] 041/150 VUs  13m28.0s/14m00.0s

running (13m29.0s), 039/150 VUs, 592683 complete and 0 interrupted iterations
default   [  96% ] 039/150 VUs  13m29.0s/14m00.0s

running (13m30.0s), 038/150 VUs, 593455 complete and 0 interrupted iterations
default   [  96% ] 038/150 VUs  13m30.0s/14m00.0s

running (13m31.0s), 037/150 VUs, 594123 complete and 0 interrupted iterations
default   [  97% ] 037/150 VUs  13m31.0s/14m00.0s

running (13m32.0s), 036/150 VUs, 594964 complete and 0 interrupted iterations
default   [  97% ] 036/150 VUs  13m32.0s/14m00.0s

running (13m33.0s), 035/150 VUs, 595610 complete and 0 interrupted iterations
default   [  97% ] 035/150 VUs  13m33.0s/14m00.0s

running (13m34.0s), 033/150 VUs, 596228 complete and 0 interrupted iterations
default   [  97% ] 033/150 VUs  13m34.0s/14m00.0s

running (13m35.0s), 032/150 VUs, 596994 complete and 0 interrupted iterations
default   [  97% ] 032/150 VUs  13m35.0s/14m00.0s

running (13m36.0s), 031/150 VUs, 597757 complete and 0 interrupted iterations
default   [  97% ] 031/150 VUs  13m36.0s/14m00.0s

running (13m37.0s), 029/150 VUs, 598541 complete and 0 interrupted iterations
default   [  97% ] 029/150 VUs  13m37.0s/14m00.0s

running (13m38.0s), 028/150 VUs, 599260 complete and 0 interrupted iterations
default   [  97% ] 028/150 VUs  13m38.0s/14m00.0s

running (13m39.0s), 027/150 VUs, 599767 complete and 0 interrupted iterations
default   [  97% ] 027/150 VUs  13m39.0s/14m00.0s

running (13m40.0s), 026/150 VUs, 600171 complete and 0 interrupted iterations
default   [  98% ] 026/150 VUs  13m40.0s/14m00.0s

running (13m41.0s), 024/150 VUs, 600931 complete and 0 interrupted iterations
default   [  98% ] 024/150 VUs  13m41.0s/14m00.0s

running (13m42.0s), 023/150 VUs, 602007 complete and 0 interrupted iterations
default   [  98% ] 023/150 VUs  13m42.0s/14m00.0s

running (13m43.0s), 022/150 VUs, 602724 complete and 0 interrupted iterations
default   [  98% ] 022/150 VUs  13m43.0s/14m00.0s

running (13m44.0s), 021/150 VUs, 603363 complete and 0 interrupted iterations
default   [  98% ] 021/150 VUs  13m44.0s/14m00.0s

running (13m45.0s), 019/150 VUs, 604020 complete and 0 interrupted iterations
default   [  98% ] 019/150 VUs  13m45.0s/14m00.0s

running (13m46.0s), 018/150 VUs, 604713 complete and 0 interrupted iterations
default   [  98% ] 018/150 VUs  13m46.0s/14m00.0s

running (13m47.0s), 017/150 VUs, 604933 complete and 0 interrupted iterations
default   [  98% ] 017/150 VUs  13m47.0s/14m00.0s

running (13m48.0s), 016/150 VUs, 605691 complete and 0 interrupted iterations
default   [  99% ] 016/150 VUs  13m48.0s/14m00.0s

running (13m49.0s), 014/150 VUs, 606157 complete and 0 interrupted iterations
default   [  99% ] 014/150 VUs  13m49.0s/14m00.0s

running (13m50.0s), 013/150 VUs, 606938 complete and 0 interrupted iterations
default   [  99% ] 013/150 VUs  13m50.0s/14m00.0s
time="2026-05-01T15:20:30+03:00" level=warning msg="Request Failed" error="Get \"http://178.236.25.152/api/v1/restaurants/search?cuisine=japanese&limit=10\": request timeout"

running (13m51.0s), 012/150 VUs, 607418 complete and 0 interrupted iterations
default   [  99% ] 012/150 VUs  13m51.0s/14m00.0s

running (13m52.0s), 011/150 VUs, 607927 complete and 0 interrupted iterations
default   [  99% ] 011/150 VUs  13m52.0s/14m00.0s

running (13m53.0s), 009/150 VUs, 608567 complete and 0 interrupted iterations
default   [  99% ] 009/150 VUs  13m53.0s/14m00.0s

running (13m54.0s), 008/150 VUs, 609088 complete and 0 interrupted iterations
default   [  99% ] 008/150 VUs  13m54.0s/14m00.0s

running (13m55.0s), 007/150 VUs, 609221 complete and 0 interrupted iterations
default   [  99% ] 007/150 VUs  13m55.0s/14m00.0s

running (13m56.0s), 006/150 VUs, 609607 complete and 0 interrupted iterations
default   [ 100% ] 006/150 VUs  13m56.0s/14m00.0s

running (13m57.0s), 005/150 VUs, 609872 complete and 0 interrupted iterations
default   [ 100% ] 005/150 VUs  13m57.0s/14m00.0s

running (13m58.0s), 003/150 VUs, 610101 complete and 0 interrupted iterations
default   [ 100% ] 003/150 VUs  13m58.0s/14m00.0s

running (13m59.0s), 002/150 VUs, 610281 complete and 0 interrupted iterations
default   [ 100% ] 002/150 VUs  13m59.0s/14m00.0s

running (14m00.0s), 001/150 VUs, 610347 complete and 0 interrupted iterations
default   [ 100% ] 001/150 VUs  14m00.0s/14m00.0s
time="2026-05-01T15:20:40+03:00" level=info msg="\n=== СВОДКА BASELINE ===" source=console
time="2026-05-01T15:20:40+03:00" level=info msg="Всего запросов: 610349" source=console
time="2026-05-01T15:20:40+03:00" level=info msg="RPS: 726.6" source=console
time="2026-05-01T15:20:40+03:00" level=info msg="Ошибок: 0.00%" source=console
time="2026-05-01T15:20:40+03:00" level=info msg="p95: 515.4ms" source=console
time="2026-05-01T15:20:40+03:00" level=info msg="p99: 894.2ms" source=console

running (14m00.0s), 000/150 VUs, 610349 complete and 0 interrupted iterations
default ✓ [ 100% ] 000/150 VUs  14m0s
